hr,holiday,workingday,temp,hum,windspeed,instant,mnth,yr,Clear to partly cloudy,Light Precipitation,Misty,cnt
0,0,0,0.76,0.66,0.0,13004,7,1,1,0,0,149
1,0,0,0.74,0.7,0.1343,13005,7,1,1,0,0,93
2,0,0,0.72,0.74,0.0896,13006,7,1,1,0,0,90
3,0,0,0.72,0.84,0.1343,13007,7,1,1,0,0,33
4,0,0,0.7,0.79,0.1939999999999999,13008,7,1,1,0,0,4
5,0,0,0.68,0.79,0.1045,13009,7,1,1,0,0,10
6,0,0,0.7,0.79,0.0896,13010,7,1,1,0,0,27
7,0,0,0.74,0.7,0.0,13011,7,1,1,0,0,50
8,0,0,0.78,0.62,0.1045,13012,7,1,1,0,0,142
9,0,0,0.82,0.56,0.0,13013,7,1,1,0,0,219
10,0,0,0.86,0.44,0.2985,13014,7,1,1,0,0,366
11,0,0,0.88,0.39,0.2239,13015,7,1,1,0,0,377
12,0,0,0.9,0.37,0.2239,13016,7,1,1,0,0,433
13,0,0,0.92,0.33,0.2537,13017,7,1,1,0,0,420
14,0,0,0.92,0.33,0.2537,13018,7,1,1,0,0,444
15,0,0,0.9,0.37,0.2836,13019,7,1,1,0,0,345
16,0,0,0.92,0.33,0.2985,13020,7,1,1,0,0,313
17,0,0,0.92,0.26,0.2985,13021,7,1,1,0,0,413
18,0,0,0.88,0.32,0.3582,13022,7,1,1,0,0,370
19,0,0,0.84,0.39,0.1343,13023,7,1,1,0,0,382
20,0,0,0.84,0.39,0.1343,13024,7,1,1,0,0,332
21,0,0,0.84,0.39,0.1343,13025,7,1,1,0,0,258
22,0,0,0.82,0.43,0.1343,13026,7,1,1,0,0,151
23,0,0,0.78,0.52,0.1642,13027,7,1,0,1,0,110
0,0,1,0.76,0.58,0.2239,13028,7,1,0,0,1,43
1,0,1,0.76,0.58,0.1939999999999999,13029,7,1,0,0,1,17
2,0,1,0.74,0.51,0.2537,13030,7,1,0,0,1,15
3,0,1,0.72,0.54,0.4179,13031,7,1,0,0,1,5
4,0,1,0.72,0.54,0.2985,13032,7,1,0,0,1,12
5,0,1,0.72,0.51,0.0,13033,7,1,0,0,1,40
6,0,1,0.7,0.58,0.1045,13034,7,1,1,0,0,136
7,0,1,0.74,0.51,0.1045,13035,7,1,1,0,0,398
8,0,1,0.76,0.52,0.1939999999999999,13036,7,1,1,0,0,568
9,0,1,0.78,0.46,0.2537,13037,7,1,1,0,0,295
10,0,1,0.8,0.43,0.2537,13038,7,1,1,0,0,174
11,0,1,0.84,0.28,0.2985,13039,7,1,1,0,0,201
12,0,1,0.84,0.32,0.1939999999999999,13040,7,1,1,0,0,257
13,0,1,0.86,0.34,0.2239,13041,7,1,1,0,0,236
14,0,1,0.86,0.34,0.2239,13042,7,1,1,0,0,230
15,0,1,0.84,0.36,0.1939999999999999,13043,7,1,1,0,0,234
16,0,1,0.84,0.36,0.2836,13044,7,1,1,0,0,365
17,0,1,0.84,0.32,0.1343,13045,7,1,1,0,0,747
18,0,1,0.84,0.32,0.1642,13046,7,1,1,0,0,730
19,0,1,0.78,0.43,0.1343,13047,7,1,1,0,0,581
20,0,1,0.78,0.43,0.1343,13048,7,1,1,0,0,395
21,0,1,0.76,0.45,0.1343,13049,7,1,1,0,0,258
22,0,1,0.74,0.51,0.1642,13050,7,1,1,0,0,188
23,0,1,0.74,0.51,0.1045,13051,7,1,1,0,0,102
0,0,1,0.72,0.54,0.0,13052,7,1,1,0,0,53
1,0,1,0.72,0.58,0.0,13053,7,1,1,0,0,14
2,0,1,0.72,0.58,0.0,13054,7,1,1,0,0,10
3,0,1,0.7,0.65,0.1343,13055,7,1,1,0,0,2
4,0,1,0.68,0.65,0.1045,13056,7,1,1,0,0,6
5,0,1,0.7,0.61,0.0,13057,7,1,1,0,0,35
6,0,1,0.7,0.65,0.1343,13058,7,1,1,0,0,154
7,0,1,0.74,0.58,0.0,13059,7,1,1,0,0,483
8,0,1,0.74,0.62,0.0896,13060,7,1,1,0,0,646
9,0,1,0.8,0.49,0.1642,13061,7,1,1,0,0,272
10,0,1,0.82,0.43,0.2239,13062,7,1,1,0,0,209
11,0,1,0.86,0.34,0.1939999999999999,13063,7,1,1,0,0,217
12,0,1,0.88,0.28,0.1939999999999999,13064,7,1,1,0,0,272
13,0,1,0.9,0.25,0.1343,13065,7,1,1,0,0,283
14,0,1,0.9,0.25,0.1939999999999999,13066,7,1,1,0,0,310
15,0,1,0.9,0.24,0.0,13067,7,1,0,0,1,401
16,0,1,0.9,0.24,0.1939999999999999,13068,7,1,0,0,1,527
17,0,1,0.86,0.3,0.1642,13069,7,1,0,0,1,722
18,0,1,0.86,0.3,0.0,13070,7,1,0,0,1,627
19,0,1,0.84,0.36,0.1343,13071,7,1,0,0,1,497
20,0,1,0.76,0.55,0.4925,13072,7,1,0,1,0,376
21,0,1,0.7,0.7,0.2836,13073,7,1,0,0,1,196
22,0,1,0.68,0.79,0.1939999999999999,13074,7,1,1,0,0,177
23,0,1,0.66,0.83,0.0,13075,7,1,1,0,0,171
0,1,0,0.68,0.79,0.0896,13076,7,1,1,0,0,159
1,1,0,0.68,0.74,0.0,13077,7,1,1,0,0,123
2,1,0,0.66,0.83,0.1343,13078,7,1,1,0,0,93
3,1,0,0.68,0.74,0.1939999999999999,13079,7,1,1,0,0,32
4,1,0,0.68,0.69,0.2537,13080,7,1,1,0,0,16
5,1,0,0.66,0.69,0.0,13081,7,1,1,0,0,19
6,1,0,0.66,0.69,0.0,13082,7,1,1,0,0,32
7,1,0,0.68,0.65,0.0,13083,7,1,1,0,0,72
8,1,0,0.7,0.61,0.1045,13084,7,1,1,0,0,153
9,1,0,0.76,0.52,0.0,13085,7,1,1,0,0,293
10,1,0,0.8,0.46,0.0,13086,7,1,1,0,0,447
11,1,0,0.82,0.46,0.1343,13087,7,1,1,0,0,485
12,1,0,0.86,0.41,0.2239,13088,7,1,1,0,0,494
13,1,0,0.9,0.35,0.0,13089,7,1,1,0,0,499
14,1,0,0.9,0.37,0.1642,13090,7,1,1,0,0,547
15,1,0,0.92,0.35,0.2985,13091,7,1,1,0,0,454
16,1,0,0.92,0.35,0.2537,13092,7,1,1,0,0,389
17,1,0,0.92,0.35,0.2985,13093,7,1,1,0,0,414
18,1,0,0.9,0.42,0.1939999999999999,13094,7,1,1,0,0,430
19,1,0,0.86,0.47,0.2239,13095,7,1,1,0,0,432
20,1,0,0.86,0.47,0.2239,13096,7,1,1,0,0,551
21,1,0,0.84,0.53,0.1343,13097,7,1,1,0,0,584
22,1,0,0.82,0.56,0.2239,13098,7,1,1,0,0,502
23,1,0,0.78,0.43,0.0896,13099,7,1,0,0,1,183
0,0,1,0.74,0.51,0.1045,13100,7,1,1,0,0,88
1,0,1,0.74,0.51,0.2836,13101,7,1,1,0,0,30
2,0,1,0.74,0.51,0.0,13102,7,1,1,0,0,18
3,0,1,0.72,0.54,0.1939999999999999,13103,7,1,1,0,0,7
4,0,1,0.72,0.58,0.0,13104,7,1,1,0,0,7
5,0,1,0.72,0.62,0.0,13105,7,1,1,0,0,29
6,0,1,0.72,0.58,0.0,13106,7,1,1,0,0,133
7,0,1,0.76,0.55,0.0,13107,7,1,1,0,0,343
8,0,1,0.8,0.49,0.1343,13108,7,1,1,0,0,550
9,0,1,0.84,0.49,0.2985,13109,7,1,1,0,0,293
10,0,1,0.86,0.44,0.3582,13110,7,1,1,0,0,186
11,0,1,0.9,0.35,0.2985,13111,7,1,1,0,0,244
12,0,1,0.9,0.35,0.3582,13112,7,1,1,0,0,276
13,0,1,0.92,0.33,0.2239,13113,7,1,1,0,0,310
14,0,1,0.92,0.33,0.3284,13114,7,1,1,0,0,241
15,0,1,0.92,0.33,0.3582,13115,7,1,1,0,0,254
16,0,1,0.92,0.33,0.2537,13116,7,1,1,0,0,433
17,0,1,0.92,0.35,0.1642,13117,7,1,1,0,0,689
18,0,1,0.9,0.39,0.3284,13118,7,1,0,0,1,607
19,0,1,0.88,0.39,0.2537,13119,7,1,0,0,1,503
20,0,1,0.86,0.41,0.2239,13120,7,1,0,0,1,321
21,0,1,0.84,0.47,0.1939999999999999,13121,7,1,1,0,0,323
22,0,1,0.82,0.59,0.1343,13122,7,1,1,0,0,225
23,0,1,0.8,0.55,0.1642,13123,7,1,1,0,0,131
0,0,1,0.78,0.62,0.1343,13124,7,1,1,0,0,102
1,0,1,0.78,0.55,0.2239,13125,7,1,1,0,0,29
2,0,1,0.76,0.62,0.1343,13126,7,1,1,0,0,17
3,0,1,0.74,0.7,0.1939999999999999,13127,7,1,0,0,1,7
4,0,1,0.74,0.66,0.2239,13128,7,1,1,0,0,6
5,0,1,0.74,0.66,0.1939999999999999,13129,7,1,1,0,0,35
6,0,1,0.74,0.66,0.1939999999999999,13130,7,1,1,0,0,131
7,0,1,0.78,0.46,0.1343,13131,7,1,1,0,0,353
8,0,1,0.8,0.41,0.1642,13132,7,1,1,0,0,585
9,0,1,0.82,0.36,0.1343,13133,7,1,1,0,0,304
10,0,1,0.86,0.3,0.0,13134,7,1,1,0,0,210
11,0,1,0.84,0.32,0.0896,13135,7,1,1,0,0,233
12,0,1,0.88,0.28,0.1045,13136,7,1,1,0,0,331
13,0,1,0.9,0.27,0.1045,13137,7,1,1,0,0,293
14,0,1,0.9,0.31,0.1642,13138,7,1,1,0,0,275
15,0,1,0.92,0.29,0.1939999999999999,13139,7,1,1,0,0,285
16,0,1,0.92,0.29,0.1045,13140,7,1,1,0,0,369
17,0,1,0.92,0.29,0.0,13141,7,1,1,0,0,576
18,0,1,0.9,0.33,0.2537,13142,7,1,1,0,0,560
19,0,1,0.88,0.35,0.2239,13143,7,1,1,0,0,418
20,0,1,0.86,0.39,0.1045,13144,7,1,1,0,0,336
21,0,1,0.82,0.52,0.1343,13145,7,1,1,0,0,300
22,0,1,0.8,0.55,0.1939999999999999,13146,7,1,1,0,0,288
23,0,1,0.8,0.63,0.1045,13147,7,1,1,0,0,164
0,0,0,0.78,0.66,0.1343,13148,7,1,1,0,0,150
1,0,0,0.76,0.7,0.1642,13149,7,1,1,0,0,71
2,0,0,0.76,0.72,0.1642,13150,7,1,1,0,0,58
3,0,0,0.74,0.74,0.1343,13151,7,1,1,0,0,31
4,0,0,0.74,0.74,0.1642,13152,7,1,1,0,0,16
5,0,0,0.74,0.74,0.1939999999999999,13153,7,1,1,0,0,14
6,0,0,0.74,0.74,0.1045,13154,7,1,1,0,0,31
7,0,0,0.78,0.66,0.1045,13155,7,1,1,0,0,71
8,0,0,0.82,0.63,0.1939999999999999,13156,7,1,1,0,0,152
9,0,0,0.84,0.59,0.1642,13157,7,1,1,0,0,256
10,0,0,0.92,0.37,0.2239,13158,7,1,1,0,0,325
11,0,0,0.94,0.38,0.1939999999999999,13159,7,1,1,0,0,367
12,0,0,0.96,0.31,0.3582,13160,7,1,1,0,0,342
13,0,0,0.96,0.31,0.2537,13161,7,1,0,0,1,360
14,0,0,0.96,0.3,0.1343,13162,7,1,0,0,1,308
15,0,0,0.96,0.26,0.0,13163,7,1,1,0,0,306
16,0,0,1.0,0.19,0.1642,13164,7,1,1,0,0,294
17,0,0,0.96,0.26,0.1343,13165,7,1,1,0,0,279
18,0,0,0.94,0.29,0.0896,13166,7,1,1,0,0,277
19,0,0,0.92,0.33,0.1343,13167,7,1,1,0,0,287
20,0,0,0.9,0.37,0.1642,13168,7,1,1,0,0,276
21,0,0,0.88,0.37,0.1939999999999999,13169,7,1,1,0,0,201
22,0,0,0.84,0.59,0.1939999999999999,13170,7,1,1,0,0,220
23,0,0,0.84,0.56,0.1642,13171,7,1,1,0,0,148
0,0,0,0.82,0.56,0.1343,13172,7,1,1,0,0,147
1,0,0,0.82,0.56,0.1045,13173,7,1,1,0,0,124
2,0,0,0.82,0.52,0.1045,13174,7,1,1,0,0,70
3,0,0,0.8,0.59,0.1045,13175,7,1,1,0,0,35
4,0,0,0.78,0.66,0.1045,13176,7,1,1,0,0,13
5,0,0,0.78,0.62,0.0,13177,7,1,1,0,0,6
6,0,0,0.78,0.7,0.1343,13178,7,1,1,0,0,21
7,0,0,0.8,0.66,0.0,13179,7,1,1,0,0,52
8,0,0,0.84,0.53,0.1343,13180,7,1,1,0,0,130
9,0,0,0.86,0.5,0.1045,13181,7,1,1,0,0,242
10,0,0,0.9,0.45,0.0,13182,7,1,1,0,0,319
11,0,0,0.92,0.42,0.2985,13183,7,1,1,0,0,389
12,0,0,0.92,0.42,0.1939999999999999,13184,7,1,1,0,0,376
13,0,0,0.94,0.38,0.2537,13185,7,1,1,0,0,337
14,0,0,0.96,0.36,0.1642,13186,7,1,1,0,0,312
15,0,0,0.92,0.42,0.2836,13187,7,1,0,1,0,298
16,0,0,0.8,0.66,0.2239,13188,7,1,0,0,1,291
17,0,0,0.78,0.59,0.0,13189,7,1,1,0,0,270
18,0,0,0.78,0.62,0.1045,13190,7,1,1,0,0,253
19,0,0,0.78,0.62,0.1642,13191,7,1,1,0,0,250
20,0,0,0.76,0.7,0.0896,13192,7,1,1,0,0,285
21,0,0,0.76,0.7,0.1343,13193,7,1,1,0,0,207
22,0,0,0.74,0.7,0.0896,13194,7,1,0,1,0,122
23,0,0,0.68,0.83,0.0896,13195,7,1,0,1,0,123
0,0,1,0.68,0.89,0.0896,13196,7,1,0,0,1,39
1,0,1,0.7,0.89,0.1045,13197,7,1,0,1,0,18
2,0,1,0.7,0.89,0.1939999999999999,13198,7,1,0,1,0,5
3,0,1,0.7,0.89,0.1939999999999999,13199,7,1,0,1,0,5
4,0,1,0.66,0.89,0.3881,13200,7,1,0,1,0,2
5,0,1,0.66,0.83,0.2239,13201,7,1,0,0,1,28
6,0,1,0.64,0.89,0.2537,13202,7,1,0,1,0,92
7,0,1,0.66,0.83,0.2239,13203,7,1,0,1,0,230
8,0,1,0.66,0.83,0.1642,13204,7,1,0,0,1,455
9,0,1,0.66,0.83,0.1642,13205,7,1,0,0,1,363
10,0,1,0.66,0.83,0.1939999999999999,13206,7,1,0,0,1,175
11,0,1,0.72,0.62,0.1343,13207,7,1,0,0,1,216
12,0,1,0.74,0.58,0.1343,13208,7,1,0,0,1,266
13,0,1,0.76,0.55,0.2537,13209,7,1,0,0,1,255
14,0,1,0.74,0.55,0.2537,13210,7,1,0,0,1,242
15,0,1,0.76,0.45,0.2239,13211,7,1,0,0,1,280
16,0,1,0.78,0.4,0.2836,13212,7,1,1,0,0,413
17,0,1,0.78,0.4,0.1642,13213,7,1,1,0,0,849
18,0,1,0.76,0.48,0.1343,13214,7,1,1,0,0,872
19,0,1,0.74,0.55,0.1642,13215,7,1,1,0,0,631
20,0,1,0.74,0.55,0.1045,13216,7,1,0,0,1,447
21,0,1,0.74,0.55,0.0896,13217,7,1,0,0,1,331
22,0,1,0.72,0.58,0.1045,13218,7,1,0,0,1,224
23,0,1,0.7,0.65,0.1045,13219,7,1,0,0,1,131
0,0,1,0.7,0.7,0.0896,13220,7,1,1,0,0,69
1,0,1,0.7,0.74,0.1343,13221,7,1,1,0,0,15
2,0,1,0.7,0.74,0.1343,13222,7,1,1,0,0,16
3,0,1,0.68,0.79,0.0,13223,7,1,1,0,0,3
4,0,1,0.68,0.79,0.1343,13224,7,1,1,0,0,4
5,0,1,0.66,0.83,0.1343,13225,7,1,1,0,0,42
6,0,1,0.68,0.79,0.1045,13226,7,1,0,0,1,187
7,0,1,0.7,0.74,0.1045,13227,7,1,0,0,1,520
8,0,1,0.72,0.74,0.1343,13228,7,1,1,0,0,649
9,0,1,0.74,0.66,0.1343,13229,7,1,1,0,0,331
10,0,1,0.76,0.62,0.1939999999999999,13230,7,1,1,0,0,190
11,0,1,0.8,0.46,0.1939999999999999,13231,7,1,1,0,0,249
12,0,1,0.8,0.41,0.1343,13232,7,1,1,0,0,272
13,0,1,0.82,0.38,0.1939999999999999,13233,7,1,1,0,0,280
14,0,1,0.82,0.38,0.1642,13234,7,1,1,0,0,242
15,0,1,0.8,0.41,0.2239,13235,7,1,1,0,0,265
16,0,1,0.8,0.43,0.2239,13236,7,1,1,0,0,435
17,0,1,0.78,0.49,0.1939999999999999,13237,7,1,1,0,0,872
18,0,1,0.7,0.74,0.2239,13238,7,1,0,1,0,819
19,0,1,0.7,0.74,0.2239,13239,7,1,0,1,0,414
20,0,1,0.64,0.83,0.2239,13240,7,1,0,1,0,84
21,0,1,0.64,0.89,0.1045,13241,7,1,0,1,0,90
22,0,1,0.64,0.83,0.1343,13242,7,1,0,0,1,139
23,0,1,0.64,0.89,0.1045,13243,7,1,0,0,1,103
0,0,1,0.66,0.83,0.1343,13244,7,1,0,0,1,44
1,0,1,0.64,0.89,0.0,13245,7,1,1,0,0,14
2,0,1,0.64,0.89,0.0,13246,7,1,1,0,0,5
3,0,1,0.64,0.89,0.1343,13247,7,1,1,0,0,5
4,0,1,0.64,0.89,0.1343,13248,7,1,1,0,0,7
5,0,1,0.64,0.89,0.0,13249,7,1,1,0,0,41
6,0,1,0.64,0.89,0.1343,13250,7,1,1,0,0,185
7,0,1,0.66,0.83,0.1045,13251,7,1,0,0,1,497
8,0,1,0.68,0.79,0.1642,13252,7,1,0,0,1,674
9,0,1,0.7,0.74,0.1343,13253,7,1,0,0,1,328
10,0,1,0.72,0.62,0.1343,13254,7,1,0,0,1,195
11,0,1,0.76,0.58,0.1343,13255,7,1,0,0,1,229
12,0,1,0.78,0.43,0.0,13256,7,1,0,0,1,292
13,0,1,0.8,0.42,0.1642,13257,7,1,0,0,1,273
14,0,1,0.8,0.41,0.2239,13258,7,1,1,0,0,241
15,0,1,0.8,0.41,0.2537,13259,7,1,1,0,0,276
16,0,1,0.8,0.38,0.1939999999999999,13260,7,1,1,0,0,411
17,0,1,0.8,0.31,0.2239,13261,7,1,1,0,0,830
18,0,1,0.78,0.38,0.2537,13262,7,1,1,0,0,814
19,0,1,0.74,0.48,0.2239,13263,7,1,1,0,0,633
20,0,1,0.74,0.51,0.1642,13264,7,1,1,0,0,483
21,0,1,0.72,0.58,0.2239,13265,7,1,1,0,0,391
22,0,1,0.72,0.58,0.2537,13266,7,1,1,0,0,244
23,0,1,0.7,0.58,0.2537,13267,7,1,0,0,1,152
0,0,1,0.68,0.61,0.0,13268,7,1,0,0,1,56
1,0,1,0.66,0.61,0.0,13269,7,1,0,0,1,21
2,0,1,0.66,0.65,0.0896,13270,7,1,0,0,1,9
3,0,1,0.64,0.69,0.1045,13271,7,1,1,0,0,10
4,0,1,0.64,0.73,0.1045,13272,7,1,1,0,0,5
5,0,1,0.62,0.73,0.1045,13273,7,1,1,0,0,44
6,0,1,0.64,0.73,0.0896,13274,7,1,1,0,0,178
7,0,1,0.64,0.73,0.1343,13275,7,1,1,0,0,512
8,0,1,0.68,0.65,0.1343,13276,7,1,1,0,0,702
9,0,1,0.72,0.58,0.1045,13277,7,1,1,0,0,327
10,0,1,0.74,0.48,0.1642,13278,7,1,1,0,0,214
11,0,1,0.76,0.45,0.1045,13279,7,1,1,0,0,215
12,0,1,0.78,0.35,0.1343,13280,7,1,1,0,0,292
13,0,1,0.8,0.33,0.2239,13281,7,1,1,0,0,277
14,0,1,0.78,0.33,0.2239,13282,7,1,1,0,0,209
15,0,1,0.8,0.36,0.1939999999999999,13283,7,1,1,0,0,271
16,0,1,0.8,0.36,0.1939999999999999,13284,7,1,1,0,0,439
17,0,1,0.76,0.43,0.2239,13285,7,1,1,0,0,795
18,0,1,0.76,0.45,0.1343,13286,7,1,1,0,0,825
19,0,1,0.74,0.48,0.2239,13287,7,1,1,0,0,629
20,0,1,0.74,0.48,0.2239,13288,7,1,1,0,0,514
21,0,1,0.72,0.48,0.2239,13289,7,1,1,0,0,373
22,0,1,0.72,0.51,0.1642,13290,7,1,1,0,0,318
23,0,1,0.7,0.51,0.2239,13291,7,1,0,0,1,211
0,0,1,0.7,0.54,0.1642,13292,7,1,0,0,1,95
1,0,1,0.68,0.54,0.1045,13293,7,1,0,0,1,59
2,0,1,0.66,0.61,0.0896,13294,7,1,0,0,1,17
3,0,1,0.68,0.61,0.0,13295,7,1,0,0,1,9
4,0,1,0.66,0.61,0.0,13296,7,1,0,0,1,11
5,0,1,0.66,0.56,0.0896,13297,7,1,0,0,1,34
6,0,1,0.7,0.54,0.0,13298,7,1,0,0,1,127
7,0,1,0.7,0.54,0.0,13299,7,1,0,0,1,380
8,0,1,0.7,0.54,0.0,13300,7,1,0,0,1,713
9,0,1,0.72,0.51,0.0,13301,7,1,0,0,1,414
10,0,1,0.74,0.48,0.0,13302,7,1,0,0,1,268
11,0,1,0.76,0.45,0.1343,13303,7,1,0,0,1,288
12,0,1,0.76,0.4,0.1045,13304,7,1,0,0,1,379
13,0,1,0.8,0.38,0.1343,13305,7,1,0,0,1,374
14,0,1,0.8,0.38,0.0,13306,7,1,0,0,1,369
15,0,1,0.8,0.36,0.1045,13307,7,1,0,0,1,353
16,0,1,0.8,0.36,0.2239,13308,7,1,0,0,1,492
17,0,1,0.8,0.36,0.1642,13309,7,1,0,0,1,835
18,0,1,0.78,0.46,0.1939999999999999,13310,7,1,1,0,0,631
19,0,1,0.74,0.51,0.1642,13311,7,1,1,0,0,488
20,0,1,0.74,0.48,0.1343,13312,7,1,1,0,0,389
21,0,1,0.72,0.54,0.0,13313,7,1,1,0,0,299
22,0,1,0.74,0.45,0.0,13314,7,1,1,0,0,263
23,0,1,0.72,0.45,0.1343,13315,7,1,0,0,1,212
0,0,0,0.72,0.48,0.0896,13316,7,1,0,0,1,191
1,0,0,0.7,0.51,0.1045,13317,7,1,0,0,1,118
2,0,0,0.7,0.54,0.1045,13318,7,1,0,0,1,101
3,0,0,0.7,0.54,0.1045,13319,7,1,0,0,1,40
4,0,0,0.66,0.61,0.1045,13320,7,1,0,1,0,9
5,0,0,0.64,0.73,0.1045,13321,7,1,0,0,1,5
6,0,0,0.64,0.78,0.0896,13322,7,1,0,0,1,35
7,0,0,0.64,0.78,0.2836,13323,7,1,1,0,0,48
8,0,0,0.62,0.78,0.2836,13324,7,1,1,0,0,151
9,0,0,0.66,0.74,0.1939999999999999,13325,7,1,1,0,0,282
10,0,0,0.72,0.7,0.0896,13326,7,1,0,0,1,401
11,0,0,0.72,0.7,0.1045,13327,7,1,0,0,1,439
12,0,0,0.74,0.66,0.0896,13328,7,1,0,0,1,499
13,0,0,0.76,0.62,0.0896,13329,7,1,0,0,1,591
14,0,0,0.8,0.55,0.1045,13330,7,1,1,0,0,632
15,0,0,0.8,0.55,0.1642,13331,7,1,1,0,0,560
16,0,0,0.72,0.79,0.3582,13332,7,1,0,0,1,566
17,0,0,0.7,0.79,0.1642,13333,7,1,0,1,0,458
18,0,0,0.72,0.79,0.1343,13334,7,1,1,0,0,351
19,0,0,0.72,0.84,0.0896,13335,7,1,1,0,0,431
20,0,0,0.72,0.84,0.0896,13336,7,1,1,0,0,356
21,0,0,0.7,0.84,0.2239,13337,7,1,1,0,0,269
22,0,0,0.7,0.79,0.1939999999999999,13338,7,1,1,0,0,225
23,0,0,0.68,0.83,0.0896,13339,7,1,0,0,1,211
0,0,0,0.68,0.89,0.1642,13340,7,1,1,0,0,187
1,0,0,0.68,0.89,0.1343,13341,7,1,0,0,1,168
2,0,0,0.68,0.89,0.1642,13342,7,1,0,0,1,115
3,0,0,0.68,0.89,0.1642,13343,7,1,0,0,1,57
4,0,0,0.68,0.89,0.1045,13344,7,1,0,0,1,19
5,0,0,0.68,0.89,0.1343,13345,7,1,1,0,0,9
6,0,0,0.68,0.83,0.1343,13346,7,1,1,0,0,15
7,0,0,0.7,0.79,0.0896,13347,7,1,1,0,0,47
8,0,0,0.7,0.84,0.1343,13348,7,1,0,0,1,133
9,0,0,0.72,0.79,0.0,13349,7,1,0,0,1,221
10,0,0,0.76,0.66,0.1343,13350,7,1,1,0,0,382
11,0,0,0.82,0.52,0.1642,13351,7,1,1,0,0,451
12,0,0,0.84,0.47,0.1045,13352,7,1,1,0,0,489
13,0,0,0.86,0.41,0.1045,13353,7,1,1,0,0,480
14,0,0,0.9,0.37,0.2537,13354,7,1,1,0,0,476
15,0,0,0.86,0.47,0.1343,13355,7,1,1,0,0,489
16,0,0,0.86,0.41,0.2239,13356,7,1,1,0,0,495
17,0,0,0.8,0.59,0.4925,13357,7,1,1,0,0,436
18,0,0,0.72,0.79,0.3582,13358,7,1,0,1,0,312
19,0,0,0.72,0.84,0.2239,13359,7,1,1,0,0,312
20,0,0,0.72,0.79,0.2537,13360,7,1,1,0,0,294
21,0,0,0.72,0.79,0.0896,13361,7,1,1,0,0,223
22,0,0,0.72,0.74,0.1045,13362,7,1,1,0,0,130
23,0,0,0.72,0.79,0.1343,13363,7,1,1,0,0,91
0,0,1,0.72,0.79,0.1045,13364,7,1,0,1,0,43
1,0,1,0.7,0.74,0.1939999999999999,13365,7,1,0,0,1,11
2,0,1,0.7,0.74,0.1045,13366,7,1,1,0,0,15
3,0,1,0.68,0.79,0.0896,13367,7,1,1,0,0,6
4,0,1,0.68,0.79,0.1045,13368,7,1,1,0,0,12
5,0,1,0.66,0.78,0.1045,13369,7,1,1,0,0,50
6,0,1,0.68,0.79,0.1343,13370,7,1,1,0,0,140
7,0,1,0.72,0.7,0.0896,13371,7,1,1,0,0,483
8,0,1,0.74,0.66,0.1045,13372,7,1,1,0,0,667
9,0,1,0.76,0.62,0.1642,13373,7,1,1,0,0,348
10,0,1,0.8,0.59,0.0,13374,7,1,1,0,0,186
11,0,1,0.84,0.53,0.2239,13375,7,1,1,0,0,182
12,0,1,0.84,0.49,0.1343,13376,7,1,1,0,0,237
13,0,1,0.84,0.49,0.2836,13377,7,1,1,0,0,239
14,0,1,0.88,0.42,0.1045,13378,7,1,1,0,0,212
15,0,1,0.86,0.47,0.2537,13379,7,1,1,0,0,237
16,0,1,0.76,0.66,0.5821,13380,7,1,0,1,0,386
17,0,1,0.76,0.66,0.5821,13381,7,1,0,1,0,755
18,0,1,0.84,0.53,0.0,13382,7,1,1,0,0,794
19,0,1,0.8,0.63,0.1343,13383,7,1,1,0,0,595
20,0,1,0.8,0.59,0.1343,13384,7,1,1,0,0,454
21,0,1,0.76,0.66,0.1343,13385,7,1,1,0,0,328
22,0,1,0.76,0.62,0.0896,13386,7,1,1,0,0,284
23,0,1,0.74,0.74,0.0896,13387,7,1,1,0,0,166
0,0,1,0.72,0.84,0.1045,13388,7,1,1,0,0,53
1,0,1,0.74,0.7,0.0,13389,7,1,1,0,0,25
2,0,1,0.72,0.7,0.0896,13390,7,1,1,0,0,7
3,0,1,0.72,0.66,0.0,13391,7,1,1,0,0,3
4,0,1,0.72,0.62,0.0,13392,7,1,1,0,0,7
5,0,1,0.68,0.74,0.0896,13393,7,1,1,0,0,38
6,0,1,0.72,0.66,0.1045,13394,7,1,1,0,0,213
7,0,1,0.74,0.7,0.0,13395,7,1,0,0,1,526
8,0,1,0.8,0.55,0.0,13396,7,1,0,0,1,661
9,0,1,0.82,0.49,0.2239,13397,7,1,0,0,1,320
10,0,1,0.84,0.49,0.1939999999999999,13398,7,1,0,0,1,159
11,0,1,0.86,0.47,0.0,13399,7,1,0,0,1,206
12,0,1,0.9,0.35,0.0,13400,7,1,0,0,1,254
13,0,1,0.92,0.31,0.1939999999999999,13401,7,1,1,0,0,221
14,0,1,0.94,0.29,0.2537,13402,7,1,1,0,0,214
15,0,1,0.92,0.31,0.1642,13403,7,1,1,0,0,244
16,0,1,0.92,0.29,0.1642,13404,7,1,1,0,0,381
17,0,1,0.92,0.29,0.0,13405,7,1,1,0,0,770
18,0,1,0.9,0.33,0.1939999999999999,13406,7,1,1,0,0,772
19,0,1,0.88,0.35,0.2537,13407,7,1,1,0,0,547
20,0,1,0.86,0.34,0.1642,13408,7,1,1,0,0,427
21,0,1,0.82,0.52,0.1343,13409,7,1,1,0,0,333
22,0,1,0.8,0.55,0.2239,13410,7,1,1,0,0,244
23,0,1,0.78,0.59,0.1939999999999999,13411,7,1,1,0,0,161
0,0,1,0.76,0.66,0.1642,13412,7,1,1,0,0,53
1,0,1,0.76,0.66,0.1045,13413,7,1,1,0,0,16
2,0,1,0.74,0.66,0.1343,13414,7,1,1,0,0,8
3,0,1,0.74,0.66,0.1343,13415,7,1,1,0,0,4
4,0,1,0.72,0.7,0.1343,13416,7,1,1,0,0,6
5,0,1,0.72,0.7,0.1642,13417,7,1,1,0,0,46
6,0,1,0.72,0.7,0.1642,13418,7,1,1,0,0,162
7,0,1,0.74,0.66,0.1642,13419,7,1,1,0,0,495
8,0,1,0.78,0.62,0.1045,13420,7,1,1,0,0,679
9,0,1,0.82,0.56,0.0,13421,7,1,1,0,0,297
10,0,1,0.9,0.42,0.1939999999999999,13422,7,1,1,0,0,138
11,0,1,0.9,0.42,0.0,13423,7,1,1,0,0,183
12,0,1,0.92,0.37,0.1343,13424,7,1,1,0,0,202
13,0,1,0.94,0.33,0.0,13425,7,1,1,0,0,203
14,0,1,0.94,0.38,0.3284,13426,7,1,1,0,0,170
15,0,1,0.92,0.35,0.3582,13427,7,1,0,1,0,194
16,0,1,0.74,0.66,0.2537,13428,7,1,1,0,0,224
17,0,1,0.74,0.7,0.2537,13429,7,1,1,0,0,370
18,0,1,0.76,0.62,0.1343,13430,7,1,0,0,1,643
19,0,1,0.76,0.62,0.1045,13431,7,1,0,0,1,516
20,0,1,0.74,0.62,0.0896,13432,7,1,1,0,0,366
21,0,1,0.76,0.62,0.0,13433,7,1,1,0,0,319
22,0,1,0.76,0.58,0.0896,13434,7,1,1,0,0,288
23,0,1,0.76,0.58,0.0896,13435,7,1,1,0,0,131
0,0,1,0.74,0.66,0.0896,13436,7,1,1,0,0,66
1,0,1,0.74,0.66,0.0896,13437,7,1,1,0,0,25
2,0,1,0.72,0.7,0.1939999999999999,13438,7,1,1,0,0,7
3,0,1,0.72,0.7,0.1045,13439,7,1,1,0,0,5
4,0,1,0.72,0.7,0.1045,13440,7,1,1,0,0,8
5,0,1,0.72,0.7,0.1045,13441,7,1,0,0,1,40
6,0,1,0.72,0.66,0.1343,13442,7,1,1,0,0,152
7,0,1,0.74,0.58,0.2836,13443,7,1,1,0,0,473
8,0,1,0.76,0.58,0.2537,13444,7,1,1,0,0,657
9,0,1,0.76,0.58,0.2836,13445,7,1,0,0,1,318
10,0,1,0.76,0.58,0.1939999999999999,13446,7,1,1,0,0,198
11,0,1,0.8,0.55,0.1045,13447,7,1,1,0,0,216
12,0,1,0.84,0.49,0.2836,13448,7,1,1,0,0,274
13,0,1,0.84,0.47,0.1343,13449,7,1,1,0,0,254
14,0,1,0.86,0.44,0.0896,13450,7,1,1,0,0,197
15,0,1,0.84,0.47,0.0896,13451,7,1,1,0,0,292
16,0,1,0.84,0.47,0.0896,13452,7,1,1,0,0,358
17,0,1,0.86,0.41,0.0,13453,7,1,1,0,0,771
18,0,1,0.86,0.41,0.1939999999999999,13454,7,1,1,0,0,777
19,0,1,0.84,0.44,0.2537,13455,7,1,1,0,0,533
20,0,1,0.82,0.49,0.1642,13456,7,1,1,0,0,505
21,0,1,0.66,0.89,0.2537,13457,7,1,0,1,0,332
22,0,1,0.66,0.89,0.2537,13458,7,1,0,1,0,68
23,0,1,0.66,0.89,0.2239,13459,7,1,0,1,0,65
0,0,1,0.66,0.89,0.0896,13460,7,1,0,1,0,34
1,0,1,0.66,0.89,0.1343,13461,7,1,1,0,0,11
2,0,1,0.66,0.89,0.0896,13462,7,1,0,0,1,19
3,0,1,0.66,0.89,0.1045,13463,7,1,0,0,1,36
4,0,1,0.66,0.89,0.1642,13464,7,1,0,0,1,9
5,0,1,0.66,0.89,0.1343,13465,7,1,0,0,1,42
6,0,1,0.66,0.89,0.1642,13466,7,1,0,0,1,126
7,0,1,0.66,0.89,0.1939999999999999,13467,7,1,0,0,1,360
8,0,1,0.68,0.83,0.1642,13468,7,1,0,0,1,691
9,0,1,0.7,0.79,0.1343,13469,7,1,0,0,1,373
10,0,1,0.7,0.79,0.1642,13470,7,1,0,0,1,233
11,0,1,0.72,0.74,0.1939999999999999,13471,7,1,0,1,0,212
12,0,1,0.68,0.83,0.1642,13472,7,1,0,1,0,274
13,0,1,0.68,0.83,0.1045,13473,7,1,0,1,0,156
14,0,1,0.7,0.84,0.1642,13474,7,1,0,1,0,229
15,0,1,0.7,0.84,0.2985,13475,7,1,0,0,1,216
16,0,1,0.68,0.83,0.3284,13476,7,1,0,0,1,436
17,0,1,0.66,0.89,0.4179,13477,7,1,0,0,1,715
18,0,1,0.66,0.78,0.3284,13478,7,1,0,0,1,622
19,0,1,0.64,0.83,0.2836,13479,7,1,0,0,1,402
20,0,1,0.64,0.83,0.3881,13480,7,1,0,1,0,251
21,0,1,0.62,0.83,0.3284,13481,7,1,0,1,0,122
22,0,1,0.62,0.83,0.1939999999999999,13482,7,1,0,0,1,135
23,0,1,0.62,0.83,0.2836,13483,7,1,0,0,1,166
0,0,0,0.62,0.83,0.2836,13484,7,1,0,1,0,103
1,0,0,0.62,0.83,0.2537,13485,7,1,0,0,1,72
2,0,0,0.6,0.88,0.2836,13486,7,1,0,1,0,60
3,0,0,0.6,0.88,0.2537,13487,7,1,0,1,0,25
4,0,0,0.58,0.88,0.2836,13488,7,1,0,1,0,16
5,0,0,0.58,0.88,0.2537,13489,7,1,0,1,0,17
6,0,0,0.58,0.88,0.2537,13490,7,1,0,1,0,15
7,0,0,0.58,0.88,0.2537,13491,7,1,0,0,1,37
8,0,0,0.58,0.83,0.2537,13492,7,1,0,0,1,112
9,0,0,0.58,0.83,0.1939999999999999,13493,7,1,0,0,1,207
10,0,0,0.58,0.88,0.2537,13494,7,1,0,1,0,268
11,0,0,0.6,0.83,0.2537,13495,7,1,0,0,1,305
12,0,0,0.6,0.83,0.2239,13496,7,1,0,1,0,457
13,0,0,0.6,0.83,0.1642,13497,7,1,0,1,0,354
14,0,0,0.6,0.88,0.2537,13498,7,1,0,0,1,343
15,0,0,0.6,0.88,0.2537,13499,7,1,0,1,0,380
16,0,0,0.6,0.88,0.1939999999999999,13500,7,1,0,1,0,326
17,0,0,0.6,0.88,0.1642,13501,7,1,0,1,0,241
18,0,0,0.6,0.88,0.1939999999999999,13502,7,1,0,0,1,177
19,0,0,0.6,0.88,0.1642,13503,7,1,0,0,1,238
20,0,0,0.6,0.88,0.1642,13504,7,1,0,1,0,214
21,0,0,0.6,0.88,0.1642,13505,7,1,0,0,1,163
22,0,0,0.6,0.88,0.1045,13506,7,1,0,0,1,180
23,0,0,0.6,0.88,0.0,13507,7,1,0,0,1,149
0,0,0,0.6,0.88,0.1045,13508,7,1,0,0,1,113
1,0,0,0.6,0.88,0.1642,13509,7,1,0,0,1,130
2,0,0,0.6,0.88,0.1045,13510,7,1,0,0,1,122
3,0,0,0.6,0.88,0.1045,13511,7,1,0,0,1,43
4,0,0,0.6,0.88,0.0,13512,7,1,1,0,0,16
5,0,0,0.6,0.88,0.0,13513,7,1,1,0,0,6
6,0,0,0.62,0.83,0.0896,13514,7,1,0,0,1,19
7,0,0,0.62,0.83,0.0,13515,7,1,0,0,1,38
8,0,0,0.64,0.78,0.0,13516,7,1,0,0,1,153
9,0,0,0.66,0.69,0.0,13517,7,1,0,0,1,258
10,0,0,0.66,0.74,0.0,13518,7,1,0,0,1,379
11,0,0,0.66,0.74,0.0,13519,7,1,0,0,1,505
12,0,0,0.7,0.7,0.1045,13520,7,1,0,0,1,504
13,0,0,0.7,0.65,0.0896,13521,7,1,0,0,1,626
14,0,0,0.72,0.66,0.1045,13522,7,1,1,0,0,616
15,0,0,0.72,0.66,0.1045,13523,7,1,1,0,0,624
16,0,0,0.74,0.66,0.1045,13524,7,1,1,0,0,628
17,0,0,0.74,0.66,0.2239,13525,7,1,1,0,0,556
18,0,0,0.74,0.66,0.1642,13526,7,1,1,0,0,515
19,0,0,0.72,0.7,0.1642,13527,7,1,1,0,0,522
20,0,0,0.7,0.74,0.1642,13528,7,1,1,0,0,378
21,0,0,0.7,0.79,0.1045,13529,7,1,1,0,0,345
22,0,0,0.7,0.74,0.1939999999999999,13530,7,1,1,0,0,191
23,0,0,0.68,0.79,0.1642,13531,7,1,1,0,0,123
0,0,1,0.66,0.89,0.0896,13532,7,1,1,0,0,47
1,0,1,0.66,0.89,0.1939999999999999,13533,7,1,1,0,0,27
2,0,1,0.66,0.94,0.0896,13534,7,1,0,0,1,17
3,0,1,0.66,0.94,0.0896,13535,7,1,0,0,1,2
4,0,1,0.66,0.94,0.1343,13536,7,1,0,0,1,8
5,0,1,0.66,0.94,0.1343,13537,7,1,0,0,1,51
6,0,1,0.68,0.89,0.0896,13538,7,1,0,0,1,157
7,0,1,0.7,0.84,0.1343,13539,7,1,1,0,0,421
8,0,1,0.72,0.79,0.1045,13540,7,1,1,0,0,738
9,0,1,0.74,0.74,0.1343,13541,7,1,0,0,1,345
10,0,1,0.78,0.62,0.0,13542,7,1,0,0,1,200
11,0,1,0.8,0.52,0.1642,13543,7,1,0,0,1,198
12,0,1,0.8,0.52,0.1642,13544,7,1,0,0,1,314
13,0,1,0.8,0.52,0.1045,13545,7,1,0,0,1,240
14,0,1,0.78,0.59,0.1642,13546,7,1,0,0,1,271
15,0,1,0.8,0.55,0.1939999999999999,13547,7,1,1,0,0,281
16,0,1,0.82,0.52,0.1343,13548,7,1,1,0,0,457
17,0,1,0.82,0.52,0.1343,13549,7,1,1,0,0,847
18,0,1,0.82,0.46,0.1045,13550,7,1,1,0,0,741
19,0,1,0.8,0.52,0.2537,13551,7,1,1,0,0,582
20,0,1,0.76,0.62,0.1642,13552,7,1,1,0,0,403
21,0,1,0.76,0.62,0.1939999999999999,13553,7,1,1,0,0,296
22,0,1,0.74,0.62,0.1939999999999999,13554,7,1,1,0,0,209
23,0,1,0.72,0.66,0.1642,13555,7,1,1,0,0,114
0,0,1,0.7,0.74,0.1343,13556,7,1,1,0,0,64
1,0,1,0.68,0.79,0.1642,13557,7,1,1,0,0,17
2,0,1,0.66,0.83,0.1642,13558,7,1,1,0,0,16
3,0,1,0.66,0.83,0.1642,13559,7,1,1,0,0,6
4,0,1,0.66,0.83,0.0896,13560,7,1,1,0,0,6
5,0,1,0.66,0.83,0.1045,13561,7,1,1,0,0,50
6,0,1,0.66,0.83,0.1343,13562,7,1,1,0,0,190
7,0,1,0.7,0.74,0.1642,13563,7,1,1,0,0,516
8,0,1,0.74,0.7,0.1939999999999999,13564,7,1,1,0,0,743
9,0,1,0.84,0.53,0.0,13565,7,1,1,0,0,339
10,0,1,0.82,0.56,0.2985,13566,7,1,1,0,0,218
11,0,1,0.84,0.53,0.3284,13567,7,1,0,0,1,201
12,0,1,0.82,0.56,0.2239,13568,7,1,0,0,1,229
13,0,1,0.84,0.53,0.2985,13569,7,1,0,0,1,273
14,0,1,0.84,0.53,0.2239,13570,7,1,0,0,1,244
15,0,1,0.82,0.49,0.2985,13571,7,1,1,0,0,285
16,0,1,0.8,0.55,0.2985,13572,7,1,1,0,0,455
17,0,1,0.8,0.52,0.3284,13573,7,1,1,0,0,869
18,0,1,0.76,0.62,0.3284,13574,7,1,1,0,0,877
19,0,1,0.76,0.62,0.1642,13575,7,1,1,0,0,632
20,0,1,0.74,0.66,0.1642,13576,7,1,1,0,0,523
21,0,1,0.74,0.66,0.2239,13577,7,1,1,0,0,378
22,0,1,0.74,0.66,0.2537,13578,7,1,1,0,0,269
23,0,1,0.74,0.58,0.3284,13579,7,1,1,0,0,192
0,0,1,0.72,0.58,0.2985,13580,7,1,1,0,0,66
1,0,1,0.7,0.58,0.1939999999999999,13581,7,1,1,0,0,28
2,0,1,0.68,0.61,0.2239,13582,7,1,1,0,0,12
3,0,1,0.66,0.65,0.2239,13583,7,1,1,0,0,12
4,0,1,0.64,0.65,0.2239,13584,7,1,1,0,0,4
5,0,1,0.64,0.65,0.1642,13585,7,1,1,0,0,59
6,0,1,0.64,0.65,0.1939999999999999,13586,7,1,1,0,0,190
7,0,1,0.66,0.5,0.3284,13587,7,1,1,0,0,507
8,0,1,0.7,0.42,0.2537,13588,7,1,1,0,0,788
9,0,1,0.72,0.37,0.2985,13589,7,1,1,0,0,342
10,0,1,0.74,0.37,0.0,13590,7,1,1,0,0,231
11,0,1,0.76,0.33,0.0,13591,7,1,1,0,0,281
12,0,1,0.76,0.33,0.0,13592,7,1,1,0,0,310
13,0,1,0.78,0.31,0.1642,13593,7,1,1,0,0,312
14,0,1,0.8,0.29,0.1343,13594,7,1,1,0,0,247
15,0,1,0.78,0.31,0.0896,13595,7,1,1,0,0,317
16,0,1,0.8,0.29,0.1642,13596,7,1,1,0,0,484
17,0,1,0.8,0.31,0.0,13597,7,1,1,0,0,913
18,0,1,0.8,0.27,0.1343,13598,7,1,1,0,0,891
19,0,1,0.76,0.33,0.1343,13599,7,1,1,0,0,698
20,0,1,0.74,0.4,0.1642,13600,7,1,1,0,0,567
21,0,1,0.72,0.45,0.1343,13601,7,1,1,0,0,397
22,0,1,0.7,0.58,0.1343,13602,7,1,1,0,0,278
23,0,1,0.68,0.57,0.2985,13603,7,1,1,0,0,239
0,0,1,0.66,0.65,0.1939999999999999,13604,7,1,1,0,0,92
1,0,1,0.66,0.65,0.2239,13605,7,1,1,0,0,29
2,0,1,0.66,0.69,0.2537,13606,7,1,1,0,0,21
3,0,1,0.66,0.69,0.2239,13607,7,1,1,0,0,8
4,0,1,0.66,0.74,0.1939999999999999,13608,7,1,1,0,0,4
5,0,1,0.66,0.74,0.1939999999999999,13609,7,1,1,0,0,42
6,0,1,0.66,0.78,0.2537,13610,7,1,1,0,0,181
7,0,1,0.7,0.74,0.2537,13611,7,1,1,0,0,495
8,0,1,0.7,0.74,0.2537,13612,7,1,0,0,1,729
9,0,1,0.72,0.7,0.1343,13613,7,1,0,0,1,344
10,0,1,0.74,0.7,0.2239,13614,7,1,1,0,0,222
11,0,1,0.8,0.66,0.2239,13615,7,1,1,0,0,212
12,0,1,0.84,0.56,0.2537,13616,7,1,1,0,0,279
13,0,1,0.86,0.53,0.2985,13617,7,1,1,0,0,242
14,0,1,0.9,0.47,0.2537,13618,7,1,1,0,0,213
15,0,1,0.92,0.42,0.2985,13619,7,1,1,0,0,238
16,0,1,0.94,0.38,0.3881,13620,7,1,1,0,0,374
17,0,1,0.9,0.45,0.4179,13621,7,1,1,0,0,738
18,0,1,0.92,0.4,0.3582,13622,7,1,1,0,0,688
19,0,1,0.9,0.45,0.3284,13623,7,1,1,0,0,614
20,0,1,0.86,0.5,0.2537,13624,7,1,1,0,0,446
21,0,1,0.8,0.49,0.6119,13625,7,1,1,0,0,271
22,0,1,0.8,0.49,0.6119,13626,7,1,1,0,0,234
23,0,1,0.72,0.7,0.1343,13627,7,1,1,0,0,145
0,0,1,0.72,0.7,0.0,13628,7,1,1,0,0,97
1,0,1,0.72,0.7,0.1045,13629,7,1,1,0,0,54
2,0,1,0.7,0.79,0.1343,13630,7,1,1,0,0,26
3,0,1,0.7,0.74,0.1642,13631,7,1,1,0,0,12
4,0,1,0.7,0.79,0.0,13632,7,1,1,0,0,8
5,0,1,0.7,0.84,0.0,13633,7,1,1,0,0,37
6,0,1,0.7,0.79,0.0,13634,7,1,1,0,0,139
7,0,1,0.72,0.7,0.1939999999999999,13635,7,1,1,0,0,410
8,0,1,0.76,0.66,0.0896,13636,7,1,1,0,0,676
9,0,1,0.82,0.49,0.2836,13637,7,1,1,0,0,363
10,0,1,0.84,0.47,0.0,13638,7,1,1,0,0,231
11,0,1,0.84,0.47,0.3284,13639,7,1,1,0,0,251
12,0,1,0.84,0.49,0.3582,13640,7,1,1,0,0,299
13,0,1,0.84,0.47,0.2836,13641,7,1,1,0,0,314
14,0,1,0.86,0.47,0.2985,13642,7,1,1,0,0,326
15,0,1,0.86,0.41,0.2239,13643,7,1,1,0,0,323
16,0,1,0.84,0.47,0.2239,13644,7,1,1,0,0,499
17,0,1,0.86,0.41,0.2836,13645,7,1,1,0,0,699
18,0,1,0.82,0.46,0.1642,13646,7,1,1,0,0,622
19,0,1,0.82,0.52,0.1939999999999999,13647,7,1,1,0,0,516
20,0,1,0.78,0.59,0.1045,13648,7,1,1,0,0,354
21,0,1,0.78,0.59,0.1045,13649,7,1,1,0,0,260
22,0,1,0.78,0.59,0.1343,13650,7,1,1,0,0,199
23,0,1,0.76,0.66,0.0,13651,7,1,1,0,0,189
0,0,0,0.74,0.62,0.1343,13652,7,1,1,0,0,191
1,0,0,0.72,0.7,0.0896,13653,7,1,1,0,0,80
2,0,0,0.72,0.7,0.0,13654,7,1,1,0,0,90
3,0,0,0.72,0.7,0.0,13655,7,1,1,0,0,43
4,0,0,0.7,0.79,0.1939999999999999,13656,7,1,1,0,0,11
5,0,0,0.68,0.79,0.1642,13657,7,1,1,0,0,14
6,0,0,0.7,0.7,0.1045,13658,7,1,1,0,0,50
7,0,0,0.72,0.7,0.1343,13659,7,1,1,0,0,76
8,0,0,0.74,0.66,0.1642,13660,7,1,1,0,0,163
9,0,0,0.78,0.59,0.1045,13661,7,1,1,0,0,337
10,0,0,0.82,0.52,0.2239,13662,7,1,1,0,0,395
11,0,0,0.84,0.39,0.2239,13663,7,1,1,0,0,457
12,0,0,0.84,0.41,0.2239,13664,7,1,1,0,0,487
13,0,0,0.86,0.41,0.2836,13665,7,1,1,0,0,498
14,0,0,0.86,0.39,0.2537,13666,7,1,1,0,0,494
15,0,0,0.88,0.32,0.2836,13667,7,1,1,0,0,497
16,0,0,0.86,0.39,0.2239,13668,7,1,1,0,0,487
17,0,0,0.82,0.46,0.1939999999999999,13669,7,1,1,0,0,479
18,0,0,0.82,0.43,0.2836,13670,7,1,1,0,0,481
19,0,0,0.68,0.83,0.0,13671,7,1,1,0,0,338
20,0,0,0.66,0.83,0.2239,13672,7,1,1,0,0,233
21,0,0,0.66,0.78,0.0896,13673,7,1,1,0,0,300
22,0,0,0.66,0.78,0.0896,13674,7,1,1,0,0,276
23,0,0,0.66,0.83,0.0896,13675,7,1,1,0,0,208
0,0,0,0.66,0.89,0.1343,13676,7,1,1,0,0,188
1,0,0,0.66,0.83,0.1045,13677,7,1,1,0,0,158
2,0,0,0.66,0.74,0.1343,13678,7,1,1,0,0,112
3,0,0,0.66,0.69,0.2239,13679,7,1,1,0,0,55
4,0,0,0.64,0.69,0.1939999999999999,13680,7,1,1,0,0,13
5,0,0,0.62,0.78,0.1939999999999999,13681,7,1,1,0,0,17
6,0,0,0.64,0.73,0.1642,13682,7,1,1,0,0,18
7,0,0,0.66,0.69,0.2537,13683,7,1,1,0,0,40
8,0,0,0.7,0.65,0.2239,13684,7,1,1,0,0,127
9,0,0,0.72,0.62,0.2537,13685,7,1,1,0,0,226
10,0,0,0.74,0.62,0.0,13686,7,1,1,0,0,381
11,0,0,0.76,0.55,0.2239,13687,7,1,1,0,0,509
12,0,0,0.76,0.55,0.3284,13688,7,1,1,0,0,511
13,0,0,0.8,0.49,0.2239,13689,7,1,1,0,0,483
14,0,0,0.8,0.46,0.1939999999999999,13690,7,1,1,0,0,522
15,0,0,0.8,0.43,0.1343,13691,7,1,1,0,0,501
16,0,0,0.8,0.43,0.1343,13692,7,1,1,0,0,521
17,0,0,0.82,0.41,0.1642,13693,7,1,1,0,0,531
18,0,0,0.8,0.41,0.2985,13694,7,1,1,0,0,419
19,0,0,0.76,0.55,0.1642,13695,7,1,1,0,0,443
20,0,0,0.74,0.66,0.1045,13696,7,1,1,0,0,303
21,0,0,0.72,0.7,0.1343,13697,7,1,1,0,0,271
22,0,0,0.7,0.7,0.1045,13698,7,1,1,0,0,148
23,0,0,0.7,0.7,0.0,13699,7,1,1,0,0,100
0,0,1,0.7,0.74,0.0896,13700,7,1,1,0,0,58
1,0,1,0.7,0.74,0.0,13701,7,1,1,0,0,19
2,0,1,0.68,0.74,0.0,13702,7,1,1,0,0,8
3,0,1,0.66,0.83,0.0,13703,7,1,1,0,0,3
4,0,1,0.66,0.83,0.0,13704,7,1,1,0,0,5
5,0,1,0.66,0.83,0.1045,13705,7,1,1,0,0,47
6,0,1,0.66,0.83,0.1642,13706,7,1,1,0,0,161
7,0,1,0.7,0.79,0.0896,13707,7,1,1,0,0,469
8,0,1,0.72,0.74,0.1045,13708,7,1,0,0,1,751
9,0,1,0.74,0.7,0.0,13709,7,1,0,0,1,293
10,0,1,0.74,0.66,0.2239,13710,7,1,0,0,1,189
11,0,1,0.78,0.55,0.1343,13711,7,1,0,0,1,215
12,0,1,0.76,0.58,0.1045,13712,7,1,0,0,1,278
13,0,1,0.8,0.49,0.1642,13713,7,1,1,0,0,226
14,0,1,0.8,0.49,0.2239,13714,7,1,1,0,0,254
15,0,1,0.8,0.49,0.2537,13715,7,1,1,0,0,236
16,0,1,0.8,0.49,0.2836,13716,7,1,1,0,0,425
17,0,1,0.76,0.55,0.3284,13717,7,1,1,0,0,827
18,0,1,0.76,0.58,0.4179,13718,7,1,1,0,0,812
19,0,1,0.82,0.52,0.1642,13719,7,1,1,0,0,665
20,0,1,0.72,0.7,0.2239,13720,7,1,1,0,0,462
21,0,1,0.72,0.7,0.1939999999999999,13721,7,1,1,0,0,322
22,0,1,0.7,0.74,0.2239,13722,7,1,0,0,1,230
23,0,1,0.7,0.74,0.1939999999999999,13723,7,1,1,0,0,150
0,0,1,0.68,0.79,0.1343,13724,7,1,1,0,0,38
1,0,1,0.66,0.83,0.1343,13725,7,1,1,0,0,21
2,0,1,0.66,0.83,0.1343,13726,7,1,1,0,0,8
3,0,1,0.66,0.83,0.0896,13727,7,1,1,0,0,6
4,0,1,0.66,0.83,0.0896,13728,7,1,1,0,0,6
5,0,1,0.66,0.83,0.1642,13729,7,1,1,0,0,45
6,0,1,0.64,0.89,0.1642,13730,7,1,1,0,0,194
7,0,1,0.68,0.83,0.2239,13731,7,1,1,0,0,513
8,0,1,0.7,0.79,0.1343,13732,7,1,1,0,0,760
9,0,1,0.72,0.7,0.1045,13733,7,1,1,0,0,333
10,0,1,0.72,0.66,0.0,13734,7,1,1,0,0,227
11,0,1,0.76,0.58,0.0,13735,7,1,1,0,0,224
12,0,1,0.8,0.46,0.0,13736,7,1,1,0,0,248
13,0,1,0.8,0.55,0.2836,13737,7,1,1,0,0,288
14,0,1,0.8,0.55,0.2836,13738,7,1,1,0,0,260
15,0,1,0.76,0.62,0.1343,13739,7,1,1,0,0,144
16,0,1,0.76,0.58,0.2239,13740,7,1,1,0,0,402
17,0,1,0.78,0.52,0.2239,13741,7,1,1,0,0,820
18,0,1,0.76,0.55,0.2836,13742,7,1,1,0,0,857
19,0,1,0.74,0.62,0.3582,13743,7,1,0,1,0,614
20,0,1,0.7,0.7,0.1939999999999999,13744,7,1,0,1,0,452
21,0,1,0.68,0.79,0.1939999999999999,13745,7,1,1,0,0,352
22,0,1,0.68,0.74,0.2537,13746,7,1,1,0,0,257
23,0,1,0.66,0.83,0.1642,13747,7,1,0,0,1,147
0,0,1,0.68,0.79,0.1642,13748,8,1,1,0,0,47
1,0,1,0.66,0.83,0.0896,13749,8,1,1,0,0,33
2,0,1,0.64,0.83,0.1045,13750,8,1,1,0,0,13
3,0,1,0.64,0.83,0.1045,13751,8,1,1,0,0,7
4,0,1,0.64,0.78,0.1343,13752,8,1,0,0,1,4
5,0,1,0.64,0.78,0.1343,13753,8,1,0,0,1,49
6,0,1,0.64,0.78,0.1343,13754,8,1,1,0,0,185
7,0,1,0.64,0.83,0.1343,13755,8,1,0,0,1,487
8,0,1,0.66,0.78,0.1939999999999999,13756,8,1,0,0,1,681
9,0,1,0.68,0.74,0.0896,13757,8,1,0,0,1,350
10,0,1,0.72,0.66,0.0896,13758,8,1,1,0,0,236
11,0,1,0.76,0.58,0.0896,13759,8,1,1,0,0,234
12,0,1,0.8,0.49,0.1045,13760,8,1,1,0,0,284
13,0,1,0.8,0.52,0.1642,13761,8,1,1,0,0,280
14,0,1,0.82,0.46,0.1642,13762,8,1,1,0,0,263
15,0,1,0.82,0.46,0.1642,13763,8,1,1,0,0,295
16,0,1,0.8,0.55,0.2836,13764,8,1,1,0,0,479
17,0,1,0.8,0.49,0.1642,13765,8,1,1,0,0,837
18,0,1,0.76,0.62,0.2239,13766,8,1,0,1,0,891
19,0,1,0.74,0.66,0.2537,13767,8,1,1,0,0,652
20,0,1,0.74,0.66,0.1642,13768,8,1,1,0,0,513
21,0,1,0.72,0.7,0.1343,13769,8,1,1,0,0,320
22,0,1,0.72,0.7,0.1045,13770,8,1,1,0,0,288
23,0,1,0.7,0.74,0.0,13771,8,1,1,0,0,152
0,0,1,0.7,0.74,0.0,13772,8,1,1,0,0,63
1,0,1,0.68,0.79,0.1045,13773,8,1,1,0,0,42
2,0,1,0.66,0.83,0.0896,13774,8,1,1,0,0,11
3,0,1,0.66,0.83,0.0,13775,8,1,1,0,0,6
4,0,1,0.66,0.83,0.0,13776,8,1,1,0,0,9
5,0,1,0.66,0.89,0.1343,13777,8,1,1,0,0,41
6,0,1,0.66,0.83,0.0,13778,8,1,1,0,0,183
7,0,1,0.7,0.79,0.0,13779,8,1,1,0,0,473
8,0,1,0.72,0.74,0.1045,13780,8,1,1,0,0,739
9,0,1,0.76,0.66,0.1045,13781,8,1,1,0,0,343
10,0,1,0.8,0.55,0.0,13782,8,1,1,0,0,181
11,0,1,0.82,0.52,0.1045,13783,8,1,1,0,0,226
12,0,1,0.84,0.44,0.1343,13784,8,1,1,0,0,286
13,0,1,0.86,0.44,0.2239,13785,8,1,1,0,0,310
14,0,1,0.86,0.41,0.1343,13786,8,1,1,0,0,225
15,0,1,0.78,0.62,0.4627,13787,8,1,1,0,0,270
16,0,1,0.82,0.46,0.1939999999999999,13788,8,1,1,0,0,406
17,0,1,0.82,0.52,0.2537,13789,8,1,1,0,0,865
18,0,1,0.8,0.59,0.2239,13790,8,1,1,0,0,767
19,0,1,0.8,0.63,0.1642,13791,8,1,1,0,0,607
20,0,1,0.78,0.66,0.0,13792,8,1,1,0,0,427
21,0,1,0.76,0.66,0.2239,13793,8,1,1,0,0,342
22,0,1,0.74,0.7,0.1939999999999999,13794,8,1,1,0,0,262
23,0,1,0.72,0.7,0.2537,13795,8,1,1,0,0,177
0,0,1,0.72,0.7,0.1939999999999999,13796,8,1,1,0,0,71
1,0,1,0.7,0.74,0.1939999999999999,13797,8,1,1,0,0,43
2,0,1,0.68,0.79,0.2239,13798,8,1,1,0,0,14
3,0,1,0.68,0.79,0.2239,13799,8,1,1,0,0,6
4,0,1,0.66,0.83,0.2537,13800,8,1,1,0,0,12
5,0,1,0.66,0.83,0.1642,13801,8,1,1,0,0,37
6,0,1,0.66,0.83,0.2239,13802,8,1,1,0,0,163
7,0,1,0.7,0.74,0.1045,13803,8,1,1,0,0,421
8,0,1,0.72,0.7,0.1343,13804,8,1,1,0,0,668
9,0,1,0.74,0.66,0.1045,13805,8,1,0,0,1,396
10,0,1,0.8,0.52,0.1939999999999999,13806,8,1,0,0,1,249
11,0,1,0.84,0.49,0.2836,13807,8,1,0,0,1,263
12,0,1,0.86,0.5,0.2985,13808,8,1,0,0,1,338
13,0,1,0.86,0.47,0.2836,13809,8,1,0,0,1,345
14,0,1,0.86,0.44,0.2537,13810,8,1,0,0,1,331
15,0,1,0.88,0.42,0.2537,13811,8,1,1,0,0,380
16,0,1,0.86,0.41,0.2239,13812,8,1,0,0,1,492
17,0,1,0.84,0.53,0.2836,13813,8,1,0,0,1,741
18,0,1,0.82,0.59,0.2537,13814,8,1,0,0,1,671
19,0,1,0.8,0.63,0.2239,13815,8,1,0,0,1,469
20,0,1,0.78,0.66,0.2239,13816,8,1,0,0,1,389
21,0,1,0.76,0.66,0.1939999999999999,13817,8,1,0,0,1,278
22,0,1,0.76,0.7,0.2537,13818,8,1,1,0,0,202
23,0,1,0.74,0.79,0.1343,13819,8,1,1,0,0,196
0,0,0,0.74,0.79,0.1642,13820,8,1,1,0,0,161
1,0,0,0.72,0.84,0.1939999999999999,13821,8,1,1,0,0,122
2,0,0,0.72,0.84,0.1343,13822,8,1,1,0,0,84
3,0,0,0.72,0.84,0.1343,13823,8,1,1,0,0,30
4,0,0,0.72,0.79,0.1939999999999999,13824,8,1,1,0,0,13
5,0,0,0.7,0.84,0.2239,13825,8,1,1,0,0,17
6,0,0,0.7,0.84,0.2239,13826,8,1,1,0,0,49
7,0,0,0.72,0.77,0.1642,13827,8,1,1,0,0,67
8,0,0,0.74,0.72,0.1939999999999999,13828,8,1,1,0,0,181
9,0,0,0.78,0.65,0.2239,13829,8,1,1,0,0,278
10,0,0,0.82,0.57,0.1939999999999999,13830,8,1,1,0,0,396
11,0,0,0.86,0.47,0.2537,13831,8,1,1,0,0,470
12,0,0,0.86,0.4,0.3582,13832,8,1,1,0,0,547
13,0,0,0.88,0.42,0.2985,13833,8,1,1,0,0,527
14,0,0,0.88,0.4,0.3881,13834,8,1,1,0,0,472
15,0,0,0.88,0.42,0.4179,13835,8,1,1,0,0,489
16,0,0,0.9,0.39,0.2985,13836,8,1,1,0,0,450
17,0,0,0.88,0.37,0.2985,13837,8,1,1,0,0,492
18,0,0,0.86,0.41,0.3284,13838,8,1,1,0,0,490
19,0,0,0.82,0.52,0.3582,13839,8,1,1,0,0,397
20,0,0,0.82,0.52,0.2985,13840,8,1,1,0,0,312
21,0,0,0.8,0.59,0.2537,13841,8,1,1,0,0,289
22,0,0,0.76,0.66,0.2836,13842,8,1,1,0,0,269
23,0,0,0.76,0.66,0.2985,13843,8,1,1,0,0,222
0,0,0,0.74,0.7,0.2836,13844,8,1,1,0,0,153
1,0,0,0.74,0.7,0.2537,13845,8,1,1,0,0,87
2,0,0,0.74,0.7,0.2985,13846,8,1,1,0,0,73
3,0,0,0.72,0.74,0.2537,13847,8,1,1,0,0,41
4,0,0,0.72,0.74,0.2537,13848,8,1,1,0,0,14
5,0,0,0.72,0.74,0.2537,13849,8,1,1,0,0,19
6,0,0,0.72,0.79,0.2537,13850,8,1,1,0,0,19
7,0,0,0.74,0.74,0.2985,13851,8,1,1,0,0,68
8,0,0,0.76,0.66,0.3284,13852,8,1,1,0,0,108
9,0,0,0.8,0.59,0.3582,13853,8,1,1,0,0,229
10,0,0,0.8,0.59,0.4179,13854,8,1,1,0,0,364
11,0,0,0.82,0.56,0.4179,13855,8,1,1,0,0,437
12,0,0,0.86,0.47,0.5224,13856,8,1,1,0,0,491
13,0,0,0.88,0.44,0.4627,13857,8,1,1,0,0,523
14,0,0,0.9,0.42,0.4627,13858,8,1,1,0,0,526
15,0,0,0.9,0.37,0.5224,13859,8,1,1,0,0,450
16,0,0,0.82,0.46,0.2537,13860,8,1,1,0,0,421
17,0,0,0.82,0.46,0.2537,13861,8,1,1,0,0,382
18,0,0,0.7,0.74,0.1343,13862,8,1,0,1,0,229
19,0,0,0.7,0.84,0.2239,13863,8,1,1,0,0,185
20,0,0,0.7,0.84,0.1045,13864,8,1,1,0,0,193
21,0,0,0.72,0.79,0.1045,13865,8,1,1,0,0,208
22,0,0,0.72,0.79,0.0896,13866,8,1,1,0,0,157
23,0,0,0.72,0.79,0.1642,13867,8,1,0,0,1,87
0,0,1,0.72,0.79,0.0,13868,8,1,0,0,1,33
1,0,1,0.72,0.79,0.0896,13869,8,1,1,0,0,11
2,0,1,0.72,0.79,0.1343,13870,8,1,0,0,1,5
3,0,1,0.72,0.79,0.0896,13871,8,1,0,1,0,5
4,0,1,0.72,0.74,0.1343,13872,8,1,0,0,1,11
5,0,1,0.7,0.79,0.1939999999999999,13873,8,1,1,0,0,25
6,0,1,0.7,0.79,0.2239,13874,8,1,0,0,1,141
7,0,1,0.72,0.7,0.1939999999999999,13875,8,1,0,1,0,407
8,0,1,0.7,0.79,0.0,13876,8,1,0,0,1,605
9,0,1,0.7,0.79,0.1642,13877,8,1,0,1,0,276
10,0,1,0.74,0.7,0.2239,13878,8,1,1,0,0,213
11,0,1,0.76,0.66,0.1343,13879,8,1,1,0,0,260
12,0,1,0.78,0.55,0.0896,13880,8,1,0,0,1,285
13,0,1,0.8,0.49,0.2239,13881,8,1,1,0,0,289
14,0,1,0.82,0.46,0.0,13882,8,1,1,0,0,287
15,0,1,0.82,0.46,0.1343,13883,8,1,1,0,0,274
16,0,1,0.84,0.41,0.1045,13884,8,1,1,0,0,451
17,0,1,0.82,0.41,0.0,13885,8,1,1,0,0,858
18,0,1,0.82,0.41,0.1343,13886,8,1,1,0,0,843
19,0,1,0.78,0.59,0.1939999999999999,13887,8,1,1,0,0,640
20,0,1,0.76,0.66,0.1642,13888,8,1,1,0,0,457
21,0,1,0.74,0.7,0.1939999999999999,13889,8,1,1,0,0,317
22,0,1,0.74,0.7,0.0896,13890,8,1,1,0,0,207
23,0,1,0.72,0.74,0.1939999999999999,13891,8,1,1,0,0,113
0,0,1,0.7,0.84,0.1939999999999999,13892,8,1,1,0,0,47
1,0,1,0.7,0.84,0.1343,13893,8,1,1,0,0,18
2,0,1,0.7,0.84,0.1343,13894,8,1,1,0,0,13
3,0,1,0.7,0.84,0.0,13895,8,1,1,0,0,6
4,0,1,0.68,0.83,0.1343,13896,8,1,1,0,0,9
5,0,1,0.7,0.79,0.1045,13897,8,1,1,0,0,36
6,0,1,0.7,0.79,0.1939999999999999,13898,8,1,0,0,1,179
7,0,1,0.7,0.74,0.1343,13899,8,1,0,0,1,502
8,0,1,0.7,0.7,0.1642,13900,8,1,0,0,1,705
9,0,1,0.7,0.74,0.1343,13901,8,1,0,0,1,327
10,0,1,0.74,0.7,0.1343,13902,8,1,0,0,1,250
11,0,1,0.76,0.66,0.0896,13903,8,1,0,0,1,214
12,0,1,0.8,0.55,0.1343,13904,8,1,0,0,1,283
13,0,1,0.8,0.52,0.1939999999999999,13905,8,1,0,0,1,253
14,0,1,0.82,0.46,0.0,13906,8,1,0,0,1,261
15,0,1,0.8,0.52,0.0,13907,8,1,1,0,0,306
16,0,1,0.76,0.66,0.2836,13908,8,1,0,1,0,445
17,0,1,0.78,0.62,0.1343,13909,8,1,0,0,1,868
18,0,1,0.76,0.62,0.1642,13910,8,1,0,0,1,814
19,0,1,0.76,0.66,0.1045,13911,8,1,0,0,1,610
20,0,1,0.74,0.7,0.1343,13912,8,1,0,0,1,448
21,0,1,0.72,0.74,0.0,13913,8,1,0,0,1,317
22,0,1,0.72,0.74,0.1045,13914,8,1,1,0,0,224
23,0,1,0.72,0.79,0.0,13915,8,1,1,0,0,138
0,0,1,0.7,0.84,0.0,13916,8,1,1,0,0,58
1,0,1,0.72,0.79,0.0,13917,8,1,1,0,0,23
2,0,1,0.7,0.84,0.0,13918,8,1,1,0,0,6
3,0,1,0.7,0.84,0.0,13919,8,1,1,0,0,7
4,0,1,0.7,0.84,0.0,13920,8,1,1,0,0,7
5,0,1,0.68,0.89,0.1642,13921,8,1,0,0,1,43
6,0,1,0.7,0.84,0.1642,13922,8,1,0,0,1,173
7,0,1,0.7,0.84,0.1642,13923,8,1,0,0,1,482
8,0,1,0.74,0.72,0.0896,13924,8,1,0,0,1,737
9,0,1,0.76,0.66,0.0,13925,8,1,0,0,1,341
10,0,1,0.8,0.52,0.1343,13926,8,1,0,0,1,214
11,0,1,0.8,0.52,0.0,13927,8,1,0,0,1,239
12,0,1,0.8,0.52,0.0,13928,8,1,0,0,1,280
13,0,1,0.8,0.52,0.0,13929,8,1,0,0,1,313
14,0,1,0.8,0.52,0.2537,13930,8,1,0,0,1,236
15,0,1,0.84,0.44,0.1939999999999999,13931,8,1,0,0,1,278
16,0,1,0.8,0.49,0.2836,13932,8,1,0,0,1,441
17,0,1,0.8,0.55,0.2836,13933,8,1,0,0,1,858
18,0,1,0.78,0.55,0.1642,13934,8,1,0,0,1,862
19,0,1,0.76,0.66,0.2239,13935,8,1,1,0,0,686
20,0,1,0.74,0.66,0.1939999999999999,13936,8,1,1,0,0,500
21,0,1,0.74,0.66,0.1045,13937,8,1,1,0,0,381
22,0,1,0.72,0.74,0.1045,13938,8,1,1,0,0,233
23,0,1,0.72,0.7,0.1343,13939,8,1,1,0,0,136
0,0,1,0.72,0.74,0.1939999999999999,13940,8,1,1,0,0,67
1,0,1,0.7,0.79,0.1343,13941,8,1,1,0,0,28
2,0,1,0.7,0.84,0.0896,13942,8,1,1,0,0,14
3,0,1,0.68,0.83,0.0896,13943,8,1,1,0,0,6
4,0,1,0.68,0.89,0.1343,13944,8,1,0,0,1,10
5,0,1,0.66,0.94,0.0,13945,8,1,0,0,1,41
6,0,1,0.66,0.83,0.1642,13946,8,1,1,0,0,167
7,0,1,0.7,0.84,0.1642,13947,8,1,0,0,1,475
8,0,1,0.72,0.74,0.1045,13948,8,1,1,0,0,698
9,0,1,0.76,0.66,0.1642,13949,8,1,1,0,0,353
10,0,1,0.8,0.55,0.2239,13950,8,1,1,0,0,205
11,0,1,0.84,0.44,0.0,13951,8,1,1,0,0,260
12,0,1,0.84,0.44,0.1045,13952,8,1,1,0,0,277
13,0,1,0.86,0.41,0.1045,13953,8,1,1,0,0,281
14,0,1,0.88,0.32,0.2239,13954,8,1,1,0,0,247
15,0,1,0.88,0.32,0.2239,13955,8,1,1,0,0,267
16,0,1,0.86,0.39,0.2537,13956,8,1,1,0,0,417
17,0,1,0.86,0.36,0.2537,13957,8,1,1,0,0,810
18,0,1,0.82,0.46,0.2537,13958,8,1,0,0,1,811
19,0,1,0.8,0.55,0.1939999999999999,13959,8,1,1,0,0,623
20,0,1,0.7,0.54,0.2836,13960,8,1,1,0,0,478
21,0,1,0.7,0.58,0.1642,13961,8,1,0,0,1,336
22,0,1,0.66,0.69,0.2239,13962,8,1,0,0,1,259
23,0,1,0.66,0.74,0.0,13963,8,1,1,0,0,156
0,0,1,0.7,0.65,0.0896,13964,8,1,1,0,0,85
1,0,1,0.7,0.65,0.1045,13965,8,1,1,0,0,41
2,0,1,0.7,0.74,0.1642,13966,8,1,1,0,0,20
3,0,1,0.72,0.79,0.1939999999999999,13967,8,1,0,0,1,9
4,0,1,0.7,0.84,0.2836,13968,8,1,0,1,0,7
5,0,1,0.7,0.84,0.2836,13969,8,1,0,1,0,33
6,0,1,0.64,0.89,0.2985,13970,8,1,0,1,0,44
7,0,1,0.64,0.89,0.1045,13971,8,1,0,1,0,133
8,0,1,0.62,0.91,0.1642,13972,8,1,0,1,0,119
9,0,1,0.64,0.89,0.0,13973,8,1,0,0,1,220
10,0,1,0.66,0.89,0.1045,13974,8,1,1,0,0,193
11,0,1,0.68,0.79,0.1343,13975,8,1,0,1,0,251
12,0,1,0.74,0.66,0.3582,13976,8,1,0,0,1,315
13,0,1,0.76,0.58,0.3582,13977,8,1,0,0,1,290
14,0,1,0.76,0.58,0.3582,13978,8,1,1,0,0,307
15,0,1,0.8,0.52,0.4478,13979,8,1,1,0,0,324
16,0,1,0.78,0.55,0.2985,13980,8,1,1,0,0,467
17,0,1,0.8,0.52,0.2836,13981,8,1,1,0,0,730
18,0,1,0.76,0.62,0.2985,13982,8,1,1,0,0,640
19,0,1,0.76,0.62,0.2836,13983,8,1,1,0,0,492
20,0,1,0.74,0.66,0.2985,13984,8,1,1,0,0,370
21,0,1,0.74,0.66,0.2537,13985,8,1,1,0,0,286
22,0,1,0.72,0.74,0.2836,13986,8,1,1,0,0,218
23,0,1,0.72,0.7,0.2836,13987,8,1,1,0,0,192
0,0,0,0.7,0.7,0.2836,13988,8,1,1,0,0,180
1,0,0,0.66,0.74,0.2239,13989,8,1,1,0,0,116
2,0,0,0.64,0.78,0.1939999999999999,13990,8,1,0,1,0,85
3,0,0,0.62,0.83,0.1642,13991,8,1,0,1,0,21
4,0,0,0.62,0.83,0.1045,13992,8,1,1,0,0,10
5,0,0,0.62,0.88,0.1045,13993,8,1,1,0,0,11
6,0,0,0.62,0.88,0.1045,13994,8,1,0,0,1,23
7,0,0,0.64,0.83,0.0896,13995,8,1,1,0,0,62
8,0,0,0.66,0.83,0.1045,13996,8,1,1,0,0,162
9,0,0,0.68,0.79,0.1939999999999999,13997,8,1,1,0,0,271
10,0,0,0.72,0.62,0.0896,13998,8,1,1,0,0,407
11,0,0,0.74,0.66,0.1642,13999,8,1,1,0,0,499
12,0,0,0.76,0.58,0.2239,14000,8,1,1,0,0,546
13,0,0,0.8,0.49,0.3582,14001,8,1,1,0,0,569
14,0,0,0.8,0.49,0.2985,14002,8,1,1,0,0,538
15,0,0,0.8,0.46,0.2836,14003,8,1,1,0,0,562
16,0,0,0.8,0.46,0.2985,14004,8,1,1,0,0,531
17,0,0,0.74,0.66,0.3582,14005,8,1,0,1,0,512
18,0,0,0.7,0.74,0.2985,14006,8,1,0,0,1,300
19,0,0,0.66,0.89,0.1045,14007,8,1,0,0,1,275
20,0,0,0.66,0.89,0.4179,14008,8,1,0,1,0,160
21,0,0,0.66,0.89,0.1642,14009,8,1,0,0,1,128
22,0,0,0.66,0.89,0.1642,14010,8,1,0,0,1,168
23,0,0,0.66,0.78,0.1642,14011,8,1,0,1,0,163
0,0,0,0.64,0.73,0.1343,14012,8,1,0,0,1,120
1,0,0,0.62,0.78,0.1343,14013,8,1,1,0,0,113
2,0,0,0.64,0.69,0.1343,14014,8,1,1,0,0,86
3,0,0,0.62,0.73,0.0896,14015,8,1,1,0,0,48
4,0,0,0.64,0.69,0.0896,14016,8,1,1,0,0,10
5,0,0,0.64,0.61,0.1939999999999999,14017,8,1,1,0,0,10
6,0,0,0.64,0.65,0.1642,14018,8,1,1,0,0,16
7,0,0,0.64,0.65,0.1343,14019,8,1,1,0,0,39
8,0,0,0.66,0.54,0.2239,14020,8,1,1,0,0,119
9,0,0,0.7,0.48,0.2239,14021,8,1,1,0,0,217
10,0,0,0.7,0.51,0.1642,14022,8,1,1,0,0,328
11,0,0,0.74,0.42,0.1642,14023,8,1,1,0,0,449
12,0,0,0.74,0.42,0.1939999999999999,14024,8,1,1,0,0,505
13,0,0,0.78,0.4,0.0,14025,8,1,1,0,0,543
14,0,0,0.76,0.4,0.1939999999999999,14026,8,1,1,0,0,579
15,0,0,0.76,0.4,0.1343,14027,8,1,1,0,0,577
16,0,0,0.76,0.4,0.1045,14028,8,1,1,0,0,513
17,0,0,0.8,0.33,0.0,14029,8,1,1,0,0,505
18,0,0,0.78,0.35,0.1045,14030,8,1,1,0,0,491
19,0,0,0.74,0.4,0.1343,14031,8,1,1,0,0,465
20,0,0,0.72,0.45,0.0,14032,8,1,1,0,0,300
21,0,0,0.72,0.51,0.0896,14033,8,1,1,0,0,220
22,0,0,0.7,0.58,0.1343,14034,8,1,1,0,0,181
23,0,0,0.68,0.61,0.0,14035,8,1,1,0,0,110
0,0,1,0.66,0.65,0.1045,14036,8,1,1,0,0,47
1,0,1,0.66,0.65,0.0896,14037,8,1,1,0,0,14
2,0,1,0.64,0.69,0.1045,14038,8,1,1,0,0,9
3,0,1,0.64,0.69,0.0,14039,8,1,1,0,0,6
4,0,1,0.64,0.69,0.1045,14040,8,1,1,0,0,11
5,0,1,0.64,0.69,0.1045,14041,8,1,1,0,0,36
6,0,1,0.62,0.73,0.0896,14042,8,1,1,0,0,159
7,0,1,0.66,0.65,0.1343,14043,8,1,1,0,0,436
8,0,1,0.72,0.51,0.0896,14044,8,1,0,0,1,673
9,0,1,0.74,0.45,0.0,14045,8,1,0,0,1,305
10,0,1,0.76,0.4,0.0,14046,8,1,0,0,1,199
11,0,1,0.76,0.4,0.0896,14047,8,1,1,0,0,245
12,0,1,0.78,0.4,0.1939999999999999,14048,8,1,1,0,0,276
13,0,1,0.78,0.4,0.1642,14049,8,1,1,0,0,254
14,0,1,0.8,0.33,0.1045,14050,8,1,1,0,0,248
15,0,1,0.82,0.34,0.2239,14051,8,1,1,0,0,274
16,0,1,0.8,0.36,0.0896,14052,8,1,1,0,0,464
17,0,1,0.8,0.36,0.1642,14053,8,1,1,0,0,818
18,0,1,0.76,0.52,0.2836,14054,8,1,1,0,0,812
19,0,1,0.74,0.58,0.1642,14055,8,1,1,0,0,555
20,0,1,0.74,0.62,0.2239,14056,8,1,1,0,0,432
21,0,1,0.72,0.66,0.1939999999999999,14057,8,1,1,0,0,290
22,0,1,0.72,0.62,0.3284,14058,8,1,1,0,0,192
23,0,1,0.7,0.7,0.2239,14059,8,1,1,0,0,128
0,0,1,0.7,0.74,0.2239,14060,8,1,1,0,0,60
1,0,1,0.68,0.79,0.2537,14061,8,1,1,0,0,27
2,0,1,0.68,0.83,0.1939999999999999,14062,8,1,0,0,1,11
3,0,1,0.68,0.83,0.1939999999999999,14063,8,1,0,0,1,3
4,0,1,0.68,0.83,0.1939999999999999,14064,8,1,0,0,1,5
5,0,1,0.68,0.89,0.1939999999999999,14065,8,1,0,0,1,36
6,0,1,0.64,0.83,0.1939999999999999,14066,8,1,0,1,0,64
7,0,1,0.66,0.83,0.0896,14067,8,1,0,0,1,179
8,0,1,0.66,0.89,0.0896,14068,8,1,0,0,1,618
9,0,1,0.7,0.74,0.0,14069,8,1,0,0,1,402
10,0,1,0.7,0.79,0.1045,14070,8,1,1,0,0,208
11,0,1,0.74,0.62,0.0,14071,8,1,1,0,0,196
12,0,1,0.78,0.49,0.1343,14072,8,1,1,0,0,300
13,0,1,0.8,0.46,0.0896,14073,8,1,1,0,0,286
14,0,1,0.82,0.41,0.2239,14074,8,1,1,0,0,255
15,0,1,0.82,0.46,0.2239,14075,8,1,1,0,0,283
16,0,1,0.82,0.43,0.2239,14076,8,1,1,0,0,458
17,0,1,0.76,0.66,0.2537,14077,8,1,0,1,0,812
18,0,1,0.76,0.62,0.2836,14078,8,1,1,0,0,854
19,0,1,0.76,0.66,0.1939999999999999,14079,8,1,1,0,0,627
20,0,1,0.74,0.74,0.2239,14080,8,1,1,0,0,436
21,0,1,0.74,0.62,0.2239,14081,8,1,1,0,0,308
22,0,1,0.72,0.66,0.0896,14082,8,1,1,0,0,189
23,0,1,0.72,0.66,0.1642,14083,8,1,1,0,0,167
0,0,1,0.7,0.61,0.1939999999999999,14084,8,1,1,0,0,60
1,0,1,0.7,0.61,0.0,14085,8,1,1,0,0,37
2,0,1,0.68,0.65,0.0,14086,8,1,1,0,0,8
3,0,1,0.66,0.74,0.1045,14087,8,1,1,0,0,11
4,0,1,0.64,0.83,0.1045,14088,8,1,1,0,0,4
5,0,1,0.64,0.78,0.1045,14089,8,1,1,0,0,39
6,0,1,0.64,0.78,0.1045,14090,8,1,1,0,0,172
7,0,1,0.66,0.69,0.1939999999999999,14091,8,1,0,0,1,492
8,0,1,0.7,0.65,0.2836,14092,8,1,0,0,1,682
9,0,1,0.72,0.62,0.1939999999999999,14093,8,1,0,0,1,367
10,0,1,0.72,0.62,0.1939999999999999,14094,8,1,0,0,1,233
11,0,1,0.74,0.58,0.1939999999999999,14095,8,1,0,0,1,235
12,0,1,0.74,0.55,0.2239,14096,8,1,1,0,0,307
13,0,1,0.78,0.49,0.1939999999999999,14097,8,1,0,0,1,294
14,0,1,0.76,0.52,0.2985,14098,8,1,0,0,1,255
15,0,1,0.76,0.52,0.2537,14099,8,1,1,0,0,266
16,0,1,0.76,0.48,0.1939999999999999,14100,8,1,1,0,0,431
17,0,1,0.74,0.55,0.2836,14101,8,1,1,0,0,851
18,0,1,0.74,0.51,0.2239,14102,8,1,1,0,0,848
19,0,1,0.7,0.61,0.1343,14103,8,1,1,0,0,649
20,0,1,0.7,0.61,0.1343,14104,8,1,1,0,0,427
21,0,1,0.7,0.61,0.1939999999999999,14105,8,1,1,0,0,315
22,0,1,0.7,0.61,0.1642,14106,8,1,1,0,0,226
23,0,1,0.68,0.65,0.1045,14107,8,1,1,0,0,138
0,0,1,0.66,0.69,0.0,14108,8,1,1,0,0,76
1,0,1,0.64,0.73,0.0,14109,8,1,1,0,0,21
2,0,1,0.64,0.69,0.1939999999999999,14110,8,1,1,0,0,15
3,0,1,0.62,0.73,0.2537,14111,8,1,1,0,0,4
4,0,1,0.62,0.73,0.2239,14112,8,1,1,0,0,5
5,0,1,0.6,0.78,0.1642,14113,8,1,1,0,0,37
6,0,1,0.6,0.78,0.1642,14114,8,1,1,0,0,165
7,0,1,0.64,0.69,0.2239,14115,8,1,1,0,0,464
8,0,1,0.68,0.61,0.1939999999999999,14116,8,1,1,0,0,682
9,0,1,0.72,0.54,0.1045,14117,8,1,1,0,0,337
10,0,1,0.74,0.48,0.1343,14118,8,1,1,0,0,199
11,0,1,0.76,0.37,0.0896,14119,8,1,1,0,0,274
12,0,1,0.8,0.33,0.1045,14120,8,1,1,0,0,343
13,0,1,0.8,0.31,0.2239,14121,8,1,1,0,0,300
14,0,1,0.82,0.32,0.0,14122,8,1,1,0,0,248
15,0,1,0.8,0.33,0.2537,14123,8,1,1,0,0,260
16,0,1,0.82,0.32,0.2239,14124,8,1,1,0,0,419
17,0,1,0.82,0.34,0.1939999999999999,14125,8,1,1,0,0,897
18,0,1,0.8,0.36,0.0,14126,8,1,1,0,0,832
19,0,1,0.76,0.4,0.1045,14127,8,1,1,0,0,677
20,0,1,0.76,0.4,0.0896,14128,8,1,1,0,0,514
21,0,1,0.74,0.48,0.1939999999999999,14129,8,1,1,0,0,356
22,0,1,0.72,0.51,0.1642,14130,8,1,1,0,0,254
23,0,1,0.7,0.54,0.1045,14131,8,1,1,0,0,226
0,0,1,0.68,0.57,0.1642,14132,8,1,1,0,0,88
1,0,1,0.66,0.65,0.1045,14133,8,1,1,0,0,54
2,0,1,0.66,0.61,0.1343,14134,8,1,1,0,0,19
3,0,1,0.64,0.65,0.1045,14135,8,1,1,0,0,6
4,0,1,0.64,0.73,0.1642,14136,8,1,1,0,0,9
5,0,1,0.64,0.73,0.1045,14137,8,1,1,0,0,36
6,0,1,0.62,0.78,0.1343,14138,8,1,1,0,0,157
7,0,1,0.64,0.73,0.1045,14139,8,1,1,0,0,379
8,0,1,0.68,0.65,0.1343,14140,8,1,1,0,0,668
9,0,1,0.7,0.58,0.1045,14141,8,1,1,0,0,378
10,0,1,0.74,0.55,0.1642,14142,8,1,1,0,0,231
11,0,1,0.76,0.52,0.2836,14143,8,1,1,0,0,303
12,0,1,0.82,0.41,0.2239,14144,8,1,1,0,0,365
13,0,1,0.84,0.36,0.3881,14145,8,1,1,0,0,357
14,0,1,0.86,0.34,0.4179,14146,8,1,1,0,0,328
15,0,1,0.86,0.3,0.4627,14147,8,1,1,0,0,383
16,0,1,0.84,0.32,0.4478,14148,8,1,0,0,1,488
17,0,1,0.82,0.36,0.3284,14149,8,1,1,0,0,791
18,0,1,0.82,0.38,0.2537,14150,8,1,0,0,1,669
19,0,1,0.74,0.55,0.3881,14151,8,1,0,0,1,491
20,0,1,0.72,0.58,0.2239,14152,8,1,0,0,1,359
21,0,1,0.68,0.69,0.2985,14153,8,1,0,0,1,255
22,0,1,0.66,0.83,0.1939999999999999,14154,8,1,0,1,0,213
23,0,1,0.64,0.83,0.2239,14155,8,1,0,1,0,121
0,0,0,0.64,0.83,0.2239,14156,8,1,0,0,1,105
1,0,0,0.62,0.94,0.1642,14157,8,1,0,1,0,92
2,0,0,0.62,0.88,0.1642,14158,8,1,0,1,0,43
3,0,0,0.62,0.88,0.1939999999999999,14159,8,1,1,0,0,30
4,0,0,0.62,0.73,0.2239,14160,8,1,1,0,0,13
5,0,0,0.6,0.78,0.2537,14161,8,1,1,0,0,9
6,0,0,0.6,0.83,0.2239,14162,8,1,1,0,0,27
7,0,0,0.6,0.83,0.2239,14163,8,1,1,0,0,64
8,0,0,0.64,0.69,0.2537,14164,8,1,1,0,0,189
9,0,0,0.66,0.65,0.2836,14165,8,1,1,0,0,292
10,0,0,0.7,0.54,0.1642,14166,8,1,1,0,0,480
11,0,0,0.72,0.51,0.0,14167,8,1,1,0,0,536
12,0,0,0.76,0.37,0.1939999999999999,14168,8,1,1,0,0,654
13,0,0,0.74,0.4,0.1939999999999999,14169,8,1,1,0,0,644
14,0,0,0.76,0.37,0.2836,14170,8,1,1,0,0,598
15,0,0,0.76,0.37,0.2239,14171,8,1,1,0,0,596
16,0,0,0.76,0.37,0.2537,14172,8,1,1,0,0,641
17,0,0,0.76,0.37,0.2239,14173,8,1,1,0,0,635
18,0,0,0.74,0.37,0.1642,14174,8,1,1,0,0,554
19,0,0,0.7,0.45,0.1642,14175,8,1,1,0,0,488
20,0,0,0.7,0.45,0.1045,14176,8,1,1,0,0,341
21,0,0,0.66,0.61,0.0,14177,8,1,1,0,0,338
22,0,0,0.66,0.61,0.0,14178,8,1,1,0,0,261
23,0,0,0.64,0.65,0.0896,14179,8,1,1,0,0,235
0,0,0,0.66,0.57,0.0896,14180,8,1,1,0,0,187
1,0,0,0.64,0.65,0.0,14181,8,1,1,0,0,131
2,0,0,0.62,0.69,0.0896,14182,8,1,0,0,1,119
3,0,0,0.62,0.61,0.1642,14183,8,1,0,0,1,55
4,0,0,0.62,0.65,0.1642,14184,8,1,0,0,1,26
5,0,0,0.6,0.73,0.1343,14185,8,1,0,0,1,11
6,0,0,0.62,0.69,0.1045,14186,8,1,0,0,1,20
7,0,0,0.62,0.69,0.1343,14187,8,1,0,0,1,41
8,0,0,0.64,0.69,0.1045,14188,8,1,0,0,1,124
9,0,0,0.66,0.74,0.0,14189,8,1,0,0,1,270
10,0,0,0.68,0.69,0.0,14190,8,1,0,0,1,425
11,0,0,0.64,0.78,0.1642,14191,8,1,0,1,0,272
12,0,0,0.64,0.73,0.0,14192,8,1,0,1,0,298
13,0,0,0.64,0.83,0.1343,14193,8,1,0,1,0,162
14,0,0,0.64,0.73,0.0,14194,8,1,0,1,0,149
15,0,0,0.64,0.65,0.0,14195,8,1,0,0,1,276
16,0,0,0.66,0.65,0.0,14196,8,1,0,0,1,356
17,0,0,0.64,0.78,0.1045,14197,8,1,0,0,1,343
18,0,0,0.64,0.78,0.1045,14198,8,1,0,0,1,377
19,0,0,0.64,0.73,0.1343,14199,8,1,0,0,1,341
20,0,0,0.64,0.73,0.1939999999999999,14200,8,1,0,0,1,274
21,0,0,0.62,0.78,0.0896,14201,8,1,0,1,0,190
22,0,0,0.62,0.78,0.1642,14202,8,1,0,0,1,56
23,0,0,0.62,0.73,0.0,14203,8,1,0,0,1,46
0,0,1,0.6,0.83,0.1045,14204,8,1,0,0,1,26
1,0,1,0.6,0.83,0.1642,14205,8,1,1,0,0,10
2,0,1,0.6,0.83,0.1642,14206,8,1,1,0,0,5
3,0,1,0.6,0.88,0.1045,14207,8,1,1,0,0,3
4,0,1,0.6,0.83,0.0896,14208,8,1,0,0,1,7
5,0,1,0.6,0.83,0.0,14209,8,1,0,0,1,37
6,0,1,0.6,0.78,0.1343,14210,8,1,0,0,1,161
7,0,1,0.62,0.78,0.1343,14211,8,1,0,0,1,442
8,0,1,0.62,0.73,0.1045,14212,8,1,0,0,1,655
9,0,1,0.64,0.69,0.0,14213,8,1,0,0,1,357
10,0,1,0.64,0.69,0.0896,14214,8,1,0,0,1,193
11,0,1,0.66,0.65,0.1045,14215,8,1,1,0,0,241
12,0,1,0.66,0.61,0.1045,14216,8,1,0,0,1,282
13,0,1,0.7,0.58,0.1343,14217,8,1,1,0,0,291
14,0,1,0.72,0.54,0.1642,14218,8,1,1,0,0,275
15,0,1,0.72,0.54,0.2537,14219,8,1,1,0,0,309
16,0,1,0.72,0.54,0.2537,14220,8,1,1,0,0,460
17,0,1,0.7,0.58,0.2836,14221,8,1,1,0,0,893
18,0,1,0.62,0.78,0.2537,14222,8,1,0,0,1,815
19,0,1,0.62,0.78,0.1939999999999999,14223,8,1,0,0,1,299
20,0,1,0.62,0.83,0.2836,14224,8,1,0,0,1,261
21,0,1,0.6,0.83,0.0,14225,8,1,1,0,0,245
22,0,1,0.6,0.83,0.0,14226,8,1,0,0,1,161
23,0,1,0.6,0.83,0.0,14227,8,1,0,0,1,102
0,0,1,0.6,0.83,0.0896,14228,8,1,0,0,1,59
1,0,1,0.6,0.83,0.1343,14229,8,1,0,0,1,33
2,0,1,0.58,0.88,0.2836,14230,8,1,0,0,1,8
3,0,1,0.56,0.88,0.0,14231,8,1,1,0,0,3
4,0,1,0.56,0.88,0.0,14232,8,1,1,0,0,4
5,0,1,0.56,0.83,0.0896,14233,8,1,1,0,0,34
6,0,1,0.56,0.83,0.1045,14234,8,1,1,0,0,169
7,0,1,0.6,0.78,0.1045,14235,8,1,1,0,0,519
8,0,1,0.6,0.78,0.1343,14236,8,1,1,0,0,723
9,0,1,0.64,0.69,0.0,14237,8,1,1,0,0,328
10,0,1,0.66,0.61,0.1045,14238,8,1,1,0,0,178
11,0,1,0.7,0.54,0.0,14239,8,1,1,0,0,256
12,0,1,0.72,0.45,0.0,14240,8,1,1,0,0,305
13,0,1,0.74,0.4,0.0,14241,8,1,1,0,0,331
14,0,1,0.76,0.37,0.0896,14242,8,1,1,0,0,302
15,0,1,0.76,0.37,0.0,14243,8,1,1,0,0,302
16,0,1,0.76,0.37,0.0,14244,8,1,1,0,0,467
17,0,1,0.74,0.51,0.2836,14245,8,1,1,0,0,878
18,0,1,0.72,0.54,0.2239,14246,8,1,1,0,0,625
19,0,1,0.62,0.73,0.1045,14247,8,1,0,1,0,476
20,0,1,0.64,0.73,0.0,14248,8,1,1,0,0,358
21,0,1,0.64,0.73,0.0,14249,8,1,1,0,0,280
22,0,1,0.64,0.78,0.0,14250,8,1,1,0,0,232
23,0,1,0.62,0.83,0.0,14251,8,1,1,0,0,136
0,0,1,0.62,0.83,0.1045,14252,8,1,1,0,0,55
1,0,1,0.62,0.78,0.0,14253,8,1,1,0,0,21
2,0,1,0.62,0.78,0.0,14254,8,1,1,0,0,17
3,0,1,0.62,0.78,0.0,14255,8,1,1,0,0,7
4,0,1,0.58,0.83,0.1045,14256,8,1,1,0,0,8
5,0,1,0.6,0.78,0.0,14257,8,1,1,0,0,40
6,0,1,0.62,0.73,0.0,14258,8,1,1,0,0,187
7,0,1,0.62,0.78,0.0,14259,8,1,1,0,0,553
8,0,1,0.64,0.73,0.0896,14260,8,1,1,0,0,740
9,0,1,0.68,0.65,0.0,14261,8,1,1,0,0,376
10,0,1,0.7,0.61,0.0896,14262,8,1,1,0,0,225
11,0,1,0.72,0.58,0.0896,14263,8,1,1,0,0,267
12,0,1,0.74,0.51,0.0,14264,8,1,1,0,0,312
13,0,1,0.76,0.48,0.1045,14265,8,1,1,0,0,316
14,0,1,0.76,0.45,0.1045,14266,8,1,1,0,0,266
15,0,1,0.76,0.48,0.1343,14267,8,1,1,0,0,316
16,0,1,0.74,0.55,0.2239,14268,8,1,0,1,0,460
17,0,1,0.74,0.55,0.2239,14269,8,1,0,1,0,783
18,0,1,0.66,0.61,0.2239,14270,8,1,0,1,0,683
19,0,1,0.66,0.74,0.0,14271,8,1,0,0,1,580
20,0,1,0.64,0.73,0.1939999999999999,14272,8,1,1,0,0,391
21,0,1,0.64,0.73,0.0,14273,8,1,1,0,0,351
22,0,1,0.64,0.73,0.0,14274,8,1,1,0,0,281
23,0,1,0.64,0.83,0.0,14275,8,1,1,0,0,140
0,0,1,0.64,0.78,0.0,14276,8,1,1,0,0,60
1,0,1,0.62,0.83,0.0,14277,8,1,1,0,0,25
2,0,1,0.62,0.83,0.0,14278,8,1,1,0,0,20
3,0,1,0.62,0.83,0.0896,14279,8,1,1,0,0,9
4,0,1,0.62,0.83,0.0,14280,8,1,1,0,0,6
5,0,1,0.62,0.83,0.0,14281,8,1,1,0,0,37
6,0,1,0.6,0.88,0.0896,14282,8,1,0,0,1,192
7,0,1,0.62,0.83,0.0896,14283,8,1,0,0,1,481
8,0,1,0.66,0.74,0.0896,14284,8,1,0,0,1,707
9,0,1,0.7,0.7,0.0,14285,8,1,0,0,1,412
10,0,1,0.74,0.58,0.0896,14286,8,1,1,0,0,233
11,0,1,0.76,0.48,0.0896,14287,8,1,1,0,0,278
12,0,1,0.78,0.38,0.0,14288,8,1,1,0,0,332
13,0,1,0.82,0.38,0.0896,14289,8,1,1,0,0,346
14,0,1,0.78,0.46,0.2239,14290,8,1,1,0,0,305
15,0,1,0.78,0.46,0.1343,14291,8,1,1,0,0,305
16,0,1,0.76,0.48,0.1642,14292,8,1,1,0,0,465
17,0,1,0.76,0.45,0.2239,14293,8,1,1,0,0,820
18,0,1,0.74,0.48,0.2239,14294,8,1,1,0,0,941
19,0,1,0.72,0.51,0.0896,14295,8,1,1,0,0,633
20,0,1,0.7,0.61,0.1045,14296,8,1,1,0,0,474
21,0,1,0.7,0.61,0.1343,14297,8,1,1,0,0,329
22,0,1,0.68,0.61,0.1045,14298,8,1,0,0,1,198
23,0,1,0.66,0.69,0.0,14299,8,1,0,0,1,157
0,0,1,0.66,0.69,0.0,14300,8,1,0,0,1,111
1,0,1,0.64,0.73,0.0,14301,8,1,0,0,1,42
2,0,1,0.66,0.69,0.0,14302,8,1,1,0,0,16
3,0,1,0.64,0.73,0.0,14303,8,1,1,0,0,8
4,0,1,0.64,0.73,0.0,14304,8,1,0,0,1,8
5,0,1,0.64,0.78,0.0,14305,8,1,1,0,0,38
6,0,1,0.62,0.83,0.0,14306,8,1,0,0,1,151
7,0,1,0.64,0.78,0.0,14307,8,1,0,0,1,425
8,0,1,0.66,0.74,0.0,14308,8,1,0,0,1,744
9,0,1,0.72,0.58,0.0,14309,8,1,0,0,1,389
10,0,1,0.76,0.48,0.0,14310,8,1,0,0,1,262
11,0,1,0.76,0.48,0.1045,14311,8,1,0,0,1,281
12,0,1,0.76,0.45,0.0896,14312,8,1,0,0,1,371
13,0,1,0.8,0.41,0.1045,14313,8,1,0,0,1,351
14,0,1,0.78,0.43,0.1045,14314,8,1,1,0,0,338
15,0,1,0.76,0.48,0.1343,14315,8,1,0,0,1,350
16,0,1,0.76,0.48,0.1343,14316,8,1,0,0,1,515
17,0,1,0.74,0.51,0.2239,14317,8,1,0,0,1,812
18,0,1,0.72,0.62,0.1939999999999999,14318,8,1,0,0,1,736
19,0,1,0.72,0.58,0.1642,14319,8,1,0,0,1,536
20,0,1,0.7,0.65,0.2239,14320,8,1,0,0,1,363
21,0,1,0.7,0.61,0.1642,14321,8,1,0,0,1,306
22,0,1,0.7,0.61,0.0,14322,8,1,0,0,1,251
23,0,1,0.68,0.69,0.0896,14323,8,1,0,0,1,178
0,0,0,0.7,0.61,0.0,14324,8,1,0,0,1,135
1,0,0,0.68,0.69,0.0,14325,8,1,0,0,1,115
2,0,0,0.66,0.74,0.0896,14326,8,1,0,0,1,79
3,0,0,0.66,0.69,0.0896,14327,8,1,1,0,0,38
4,0,0,0.66,0.69,0.1045,14328,8,1,0,0,1,12
5,0,0,0.64,0.73,0.1642,14329,8,1,0,0,1,14
6,0,0,0.64,0.78,0.1642,14330,8,1,0,0,1,30
7,0,0,0.64,0.78,0.1939999999999999,14331,8,1,0,0,1,102
8,0,0,0.66,0.74,0.2537,14332,8,1,0,0,1,162
9,0,0,0.68,0.69,0.2836,14333,8,1,0,0,1,288
10,0,0,0.7,0.65,0.2985,14334,8,1,0,0,1,442
11,0,0,0.72,0.62,0.2836,14335,8,1,0,0,1,457
12,0,0,0.72,0.54,0.3881,14336,8,1,0,1,0,584
13,0,0,0.72,0.51,0.3582,14337,8,1,0,0,1,517
14,0,0,0.66,0.65,0.2537,14338,8,1,0,1,0,482
15,0,0,0.64,0.73,0.3284,14339,8,1,0,0,1,233
16,0,0,0.66,0.74,0.2985,14340,8,1,0,0,1,434
17,0,0,0.66,0.74,0.3284,14341,8,1,0,0,1,403
18,0,0,0.66,0.69,0.4627,14342,8,1,0,0,1,383
19,0,0,0.64,0.78,0.2985,14343,8,1,0,0,1,354
20,0,0,0.62,0.83,0.2537,14344,8,1,0,1,0,241
21,0,0,0.62,0.83,0.3582,14345,8,1,1,0,0,208
22,0,0,0.62,0.83,0.3582,14346,8,1,1,0,0,182
23,0,0,0.62,0.83,0.2537,14347,8,1,0,0,1,158
0,0,0,0.64,0.89,0.2537,14348,8,1,1,0,0,134
1,0,0,0.64,0.89,0.1939999999999999,14349,8,1,1,0,0,134
2,0,0,0.64,0.89,0.2239,14350,8,1,0,0,1,116
3,0,0,0.64,0.89,0.2537,14351,8,1,0,0,1,53
4,0,0,0.64,0.89,0.1939999999999999,14352,8,1,0,0,1,16
5,0,0,0.64,0.89,0.1939999999999999,14353,8,1,1,0,0,16
6,0,0,0.62,0.88,0.2985,14354,8,1,1,0,0,21
7,0,0,0.64,0.89,0.1939999999999999,14355,8,1,1,0,0,34
8,0,0,0.68,0.79,0.2836,14356,8,1,1,0,0,133
9,0,0,0.68,0.79,0.2537,14357,8,1,1,0,0,263
10,0,0,0.74,0.66,0.3881,14358,8,1,1,0,0,385
11,0,0,0.74,0.66,0.3582,14359,8,1,1,0,0,482
12,0,0,0.72,0.74,0.3582,14360,8,1,0,1,0,626
13,0,0,0.66,0.78,0.4179,14361,8,1,0,1,0,541
14,0,0,0.64,0.89,0.1045,14362,8,1,1,0,0,377
15,0,0,0.64,0.89,0.2836,14363,8,1,0,1,0,391
16,0,0,0.64,0.89,0.2836,14364,8,1,0,1,0,173
17,0,0,0.64,0.89,0.2239,14365,8,1,1,0,0,233
18,0,0,0.64,0.89,0.0896,14366,8,1,0,0,1,264
19,0,0,0.64,0.89,0.1642,14367,8,1,0,0,1,292
20,0,0,0.64,0.89,0.1642,14368,8,1,1,0,0,211
21,0,0,0.64,0.83,0.1343,14369,8,1,1,0,0,166
22,0,0,0.62,0.88,0.0896,14370,8,1,1,0,0,114
23,0,0,0.62,0.83,0.0896,14371,8,1,1,0,0,80
0,0,1,0.62,0.83,0.0,14372,8,1,1,0,0,32
1,0,1,0.62,0.88,0.0896,14373,8,1,1,0,0,7
2,0,1,0.62,0.88,0.1343,14374,8,1,1,0,0,8
3,0,1,0.62,0.88,0.0896,14375,8,1,1,0,0,4
4,0,1,0.62,0.83,0.0,14376,8,1,1,0,0,12
5,0,1,0.62,0.88,0.0,14377,8,1,1,0,0,36
6,0,1,0.62,0.88,0.0,14378,8,1,1,0,0,145
7,0,1,0.66,0.83,0.0,14379,8,1,1,0,0,433
8,0,1,0.66,0.83,0.0896,14380,8,1,1,0,0,699
9,0,1,0.66,0.83,0.1045,14381,8,1,1,0,0,342
10,0,1,0.72,0.74,0.1343,14382,8,1,1,0,0,206
11,0,1,0.74,0.66,0.1939999999999999,14383,8,1,1,0,0,229
12,0,1,0.76,0.62,0.0,14384,8,1,1,0,0,283
13,0,1,0.76,0.57,0.1642,14385,8,1,1,0,0,288
14,0,1,0.8,0.49,0.0896,14386,8,1,1,0,0,246
15,0,1,0.8,0.55,0.2985,14387,8,1,1,0,0,282
16,0,1,0.8,0.55,0.2537,14388,8,1,1,0,0,444
17,0,1,0.8,0.46,0.2239,14389,8,1,1,0,0,845
18,0,1,0.78,0.52,0.2537,14390,8,1,1,0,0,834
19,0,1,0.74,0.7,0.2239,14391,8,1,1,0,0,573
20,0,1,0.74,0.7,0.1939999999999999,14392,8,1,1,0,0,416
21,0,1,0.72,0.74,0.1939999999999999,14393,8,1,1,0,0,278
22,0,1,0.7,0.84,0.1939999999999999,14394,8,1,1,0,0,161
23,0,1,0.7,0.84,0.1642,14395,8,1,1,0,0,114
0,0,1,0.7,0.84,0.2537,14396,8,1,1,0,0,38
1,0,1,0.68,0.89,0.1939999999999999,14397,8,1,1,0,0,21
2,0,1,0.68,0.83,0.2537,14398,8,1,1,0,0,15
3,0,1,0.66,0.89,0.1343,14399,8,1,1,0,0,4
4,0,1,0.66,0.83,0.1343,14400,8,1,1,0,0,8
5,0,1,0.66,0.83,0.0896,14401,8,1,0,0,1,42
6,0,1,0.66,0.89,0.1045,14402,8,1,0,0,1,147
7,0,1,0.66,0.83,0.1045,14403,8,1,0,0,1,269
8,0,1,0.66,0.85,0.1045,14404,8,1,0,0,1,693
9,0,1,0.7,0.79,0.1642,14405,8,1,0,0,1,395
10,0,1,0.74,0.62,0.2537,14406,8,1,1,0,0,204
11,0,1,0.78,0.55,0.2537,14407,8,1,1,0,0,218
12,0,1,0.8,0.49,0.2836,14408,8,1,1,0,0,297
13,0,1,0.82,0.43,0.2985,14409,8,1,1,0,0,288
14,0,1,0.84,0.38,0.3284,14410,8,1,1,0,0,251
15,0,1,0.82,0.34,0.2985,14411,8,1,1,0,0,317
16,0,1,0.82,0.33,0.3284,14412,8,1,1,0,0,480
17,0,1,0.8,0.35,0.3881,14413,8,1,1,0,0,864
18,0,1,0.78,0.4,0.2537,14414,8,1,1,0,0,818
19,0,1,0.74,0.45,0.1642,14415,8,1,1,0,0,597
20,0,1,0.72,0.48,0.1045,14416,8,1,1,0,0,435
21,0,1,0.72,0.48,0.0896,14417,8,1,1,0,0,314
22,0,1,0.7,0.54,0.0,14418,8,1,1,0,0,216
23,0,1,0.68,0.57,0.0,14419,8,1,1,0,0,109
0,0,1,0.66,0.69,0.0,14420,8,1,1,0,0,47
1,0,1,0.64,0.69,0.1343,14421,8,1,1,0,0,14
2,0,1,0.62,0.73,0.1343,14422,8,1,1,0,0,6
3,0,1,0.62,0.73,0.1045,14423,8,1,1,0,0,9
4,0,1,0.6,0.73,0.2239,14424,8,1,1,0,0,10
5,0,1,0.6,0.73,0.1939999999999999,14425,8,1,1,0,0,40
6,0,1,0.6,0.73,0.1939999999999999,14426,8,1,1,0,0,181
7,0,1,0.64,0.65,0.0896,14427,8,1,1,0,0,554
8,0,1,0.66,0.61,0.1642,14428,8,1,1,0,0,808
9,0,1,0.7,0.51,0.1939999999999999,14429,8,1,1,0,0,348
10,0,1,0.72,0.48,0.1642,14430,8,1,1,0,0,178
11,0,1,0.72,0.45,0.0,14431,8,1,1,0,0,253
12,0,1,0.76,0.4,0.0,14432,8,1,1,0,0,360
13,0,1,0.74,0.42,0.0,14433,8,1,1,0,0,300
14,0,1,0.76,0.4,0.0896,14434,8,1,1,0,0,301
15,0,1,0.76,0.4,0.1939999999999999,14435,8,1,1,0,0,338
16,0,1,0.76,0.37,0.1343,14436,8,1,1,0,0,493
17,0,1,0.78,0.35,0.2239,14437,8,1,1,0,0,870
18,0,1,0.74,0.42,0.1642,14438,8,1,1,0,0,812
19,0,1,0.7,0.54,0.1939999999999999,14439,8,1,1,0,0,643
20,0,1,0.68,0.57,0.0,14440,8,1,1,0,0,427
21,0,1,0.66,0.54,0.1045,14441,8,1,1,0,0,313
22,0,1,0.66,0.54,0.0,14442,8,1,1,0,0,235
23,0,1,0.66,0.57,0.0,14443,8,1,1,0,0,157
0,0,1,0.64,0.69,0.0,14444,8,1,1,0,0,65
1,0,1,0.64,0.65,0.0,14445,8,1,1,0,0,23
2,0,1,0.62,0.73,0.0,14446,8,1,1,0,0,17
3,0,1,0.62,0.73,0.0,14447,8,1,1,0,0,5
4,0,1,0.62,0.73,0.0,14448,8,1,1,0,0,8
5,0,1,0.62,0.73,0.0,14449,8,1,1,0,0,35
6,0,1,0.6,0.83,0.1642,14450,8,1,1,0,0,163
7,0,1,0.64,0.73,0.0,14451,8,1,1,0,0,532
8,0,1,0.66,0.65,0.0,14452,8,1,1,0,0,754
9,0,1,0.7,0.58,0.0,14453,8,1,1,0,0,396
10,0,1,0.72,0.54,0.0,14454,8,1,1,0,0,234
11,0,1,0.76,0.4,0.0896,14455,8,1,1,0,0,276
12,0,1,0.76,0.45,0.1343,14456,8,1,1,0,0,294
13,0,1,0.76,0.48,0.1045,14457,8,1,1,0,0,290
14,0,1,0.76,0.48,0.1343,14458,8,1,1,0,0,273
15,0,1,0.8,0.46,0.1642,14459,8,1,1,0,0,338
16,0,1,0.8,0.43,0.1642,14460,8,1,1,0,0,482
17,0,1,0.82,0.34,0.2239,14461,8,1,1,0,0,844
18,0,1,0.8,0.38,0.1343,14462,8,1,1,0,0,853
19,0,1,0.76,0.48,0.1343,14463,8,1,1,0,0,610
20,0,1,0.74,0.58,0.1642,14464,8,1,1,0,0,471
21,0,1,0.72,0.66,0.1343,14465,8,1,1,0,0,307
22,0,1,0.7,0.7,0.0,14466,8,1,1,0,0,291
23,0,1,0.7,0.74,0.1045,14467,8,1,1,0,0,152
0,0,1,0.68,0.83,0.1642,14468,8,1,1,0,0,82
1,0,1,0.68,0.83,0.1642,14469,8,1,1,0,0,32
2,0,1,0.66,0.89,0.1343,14470,8,1,1,0,0,20
3,0,1,0.66,0.89,0.1045,14471,8,1,1,0,0,5
4,0,1,0.64,0.89,0.1343,14472,8,1,1,0,0,7
5,0,1,0.64,0.89,0.1642,14473,8,1,1,0,0,29
6,0,1,0.64,0.89,0.1642,14474,8,1,0,0,1,108
7,0,1,0.64,0.89,0.0896,14475,8,1,0,0,1,421
8,0,1,0.7,0.74,0.0,14476,8,1,0,0,1,690
9,0,1,0.74,0.7,0.0,14477,8,1,1,0,0,398
10,0,1,0.76,0.62,0.0896,14478,8,1,1,0,0,256
11,0,1,0.86,0.28,0.2985,14479,8,1,1,0,0,309
12,0,1,0.86,0.26,0.2537,14480,8,1,1,0,0,410
13,0,1,0.88,0.27,0.3284,14481,8,1,1,0,0,368
14,0,1,0.9,0.25,0.2239,14482,8,1,1,0,0,436
15,0,1,0.9,0.27,0.2985,14483,8,1,1,0,0,526
16,0,1,0.9,0.27,0.2537,14484,8,1,1,0,0,528
17,0,1,0.88,0.32,0.1642,14485,8,1,1,0,0,617
18,0,1,0.86,0.36,0.2537,14486,8,1,1,0,0,546
19,0,1,0.8,0.49,0.1343,14487,8,1,1,0,0,452
20,0,1,0.8,0.49,0.1343,14488,8,1,1,0,0,356
21,0,1,0.76,0.58,0.1939999999999999,14489,8,1,1,0,0,303
22,0,1,0.76,0.58,0.1939999999999999,14490,8,1,1,0,0,277
23,0,1,0.74,0.62,0.1045,14491,8,1,1,0,0,174
