STATEFIPS,STATE,zipcode,agi_stub,N1,mars1,MARS2,MARS4,PREP,N2,NUMDEP,TOTAL_VITA,VITA,TCE,VITA_EIC,RAL,RAC,ELDERLY,A00100,N02650,A02650,N00200,A00200,N00300,A00300,N00600,A00600,N00650,A00650,N00700,A00700,N00900,A00900,N01000,A01000,N01400,A01400,N01700,A01700,SCHF,N02300,A02300,N02500,A02500,N26270,A26270,N02900,A02900,N03220,A03220,N03300,A03300,N03270,A03270,N03150,A03150,N03210,A03210,N03230,A03230,N03240,A03240,N04470,A04470,A00101,N17000,A17000,N18425,A18425,N18450,A18450,N18500,A18500,N18800,A18800,N18300,A18300,N19300,A19300,N19500,A19500,N19530,A19530,N19550,A19550,N19570,A19570,N19700,A19700,N20800,A20800,n21020,a21020,N04800,A04800,N05800,A05800,N09600,A09600,N05780,A05780,N07100,A07100,N07300,A07300,N07180,A07180,N07230,A07230,N07240,A07240,N07220,A07220,N07260,A07260,N09400,A09400,N85770,A85770,N85775,A85775,N09750,A09750,N10600,A10600,N59660,A59660,N59720,A59720,N11070,A11070,N10960,A10960,N11560,A11560,N06500,A06500,N10300,A10300,N85530,A85530,N85300,A85300,N11901,A11901,N11902,A11902
50,VT,0,1,111580,85090,14170,10740,45360,130630,26200,5900,2140,3760,860,1440,12620,30760,1314871,111570,1346018,82490,963138,23700,11699,14740,28241,13320,19296,1690,800,16620,113552,11790,10571,9940,55612,16860,137654,950,4790,15900,4750,10831,1560,4686,21490,31147,130,29,90,576,1620,4760,760,2779,5390,5016,700,1972,0,0,5810,89884,97859,3670,32483,2210,2170,1870,813,4390,16656,110,31,5560,22513,2600,14551,0,0,0,0,40,59,20,62,2880,3950,1610,5449,0,0,49820,312894,48670,33180,0,0,1190,591,10350,3374,770,37,220,92,2100,1529,3910,647,1880,839,90,35,14140,19686,5100,18624,5020,17366,2690,1433,96880,181921,31090,59882,25370,52128,13020,14784,2880,2558,2530,2011,42510,29414,53660,50699,0,0,0,0,10820,9734,88260,138337
50,VT,0,2,82760,51960,18820,11310,35600,132950,32310,1670,840,830,30,680,13670,19160,3006587,82780,3066101,72330,2426615,20940,12790,13520,40635,12830,29294,7220,3592,12130,136240,10440,26072,8290,75651,13600,213453,940,6340,24264,15360,104046,3120,27224,25680,59514,1390,334,80,859,3050,11435,2720,11159,14380,15384,310,754,60,347,13180,194163,513858,4110,36526,11520,17047,1010,699,11510,44167,1010,496,13210,64294,9160,50643,70,201,190,40,1360,1719,70,29,7240,12023,3290,16939,30,98,80890,1714000,80020,214897,0,0,5440,4373,29260,22606,3480,202,2640,1334,4520,4809,12490,2434,13880,13041,960,622,10070,25291,7590,26044,8430,31171,5130,3154,80870,357207,12420,24615,9020,18327,8280,11187,2210,2005,1270,1286,71180,192875,74340,221146,0,0,0,0,12820,20029,68760,151729
50,VT,0,3,46270,19540,22650,3620,24140,91870,23610,170,0,170,0,0,4550,14920,2851399,46260,2906848,40370,2171527,18790,13201,11810,49417,10880,36257,10840,6784,8870,106641,9910,39322,6750,86142,10960,241188,330,2370,10103,11500,175358,2730,32424,17770,55449,2040,509,180,1921,2040,11491,2210,10758,8350,9193,260,534,150,1146,17070,278200,1081293,3420,31569,16500,41579,250,267,15990,68506,1190,598,17000,111025,13810,81755,380,1117,470,114,2570,3195,160,154,11100,20994,2990,17907,30,165,46020,1906591,45750,267235,0,0,1320,2361,18840,24719,4070,341,2480,1311,2530,3432,2310,412,10480,15525,1780,1475,6760,19479,960,3912,1710,7384,900,905,45620,336580,0,0,0,0,570,759,2130,2140,0,0,44160,242908,44860,266097,0,0,0,0,10810,24499,34600,90583
50,VT,0, ,4,30070,5830,22190,960,16060,71610,18860,0,0,0,0,0,1880,10270,2617891,30050,2663815,26300,1931226,14670,11664,9180,46602,8590,35978,8360,6374,6280,93425,7330,43844,4840,81761,7730,208364,290,1060,4702,7560,152962,1970,29554,12470,45924,1260,335,60,845,890,6306,1340,6890,5360,6122,0,0,60,420,13720,260956,1218614,1860,20200,13290,46318,100,142,13090,67406,860,562,13730,116032,11260,75897,190,685,220,68,1870,2493,190,255,9710,21851,2190,14200,40,262,29960,1862444,29740,267481,0,0,300,990,13730,21764,2800,376,2630,1509,2270,3231,0,0,8260,13131,1170,1327,4770,15946,0,0,400,1607,110,189,29760,313992,0,0,0,0,0,0,1410,1455,0,0,29410,245476,29580,264678,0,0,0,0,7320,21573,21300,67045
50,VT,0,5,39530,3900,33800,590,22500,103710,30330,0,0,0,0,0,930,13600,5472982,39530,5574273,34740,3810688,24120,29196,17190,156496,16230,125983,14860,16227,8570,193032,14550,189103,7260,182370,10580,372597,0,400,1728,8720,209889,5300,178643,17760,101291,2180,591,790,11777,2270,20534,1390,8215,5650,6166,450,936,330,3579,30910,762818,4426915,1890,24959,30350,204171,40,73,29720,203105,1760,1253,30910,414218,24810,181802,580,1348,990,272,230,166,540,865,24820,75467,4460,36050,240,910,39460,4179802,39270,719962,480,1427,0,0,19070,27163,6450,1688,3750,2035,2420,3719,0,0,6530,8430,1800,3309,6890,31938,0,0,0,0,0,0,39200,787504,0,0,0,0,0,0,2150,2223,0,0,39050,689575,39170,731963,40,24,0,0,12500,67761,23320,103034
50,VT,0,6,9620,600,8150,0,7040,26430,8140,0,0,0,0,0,0,3320,4061746,9620,4136422,8010,1892110,7680,40146,6390,249078,6190,213156,2590,10839,2320,125969,6250,526171,1520,71135,1700,82145,0,0,0,1580,41852,3320,571404,3960,74676,20,6,440,12104,1070,12749,0,0,0,0,0,0,190,5775,9310,619924,3949752,70,2845,9150,274180,0,0,8940,104273,280,245,9310,382417,6300,64751,20,67,250,38,0,0,570,4184,8390,128661,1210,26542,0,0,9600,3361616,9600,869990,6420,49381,0,0,4570,18019,3260,5600,580,293,0,0,0,0,0,0,210,741,2240,16466,0,0,0,0,0,0,9520,892121,0,0,0,0,0,0,0,0,0,0,9580,842156,9600,894432,3350,4939,4990,20428,3900,93123,2870,39425
50,VT,05001,1,1340,1050,130,140,480,1480,300,90,30,60,0,30,190,370,15373,1340,15707,1010,11525,270,139,160,272,150,207,30,14,190,1283,120,114,110,563,200,1598,20,40,106,60,83,0,0,240,334,0,0,0,0,0,0,0,0,60,62,20,66,0,0,70,1260,1081,60,612,30,27,30,12,60,220,0,0,70,300,20,183,0,0,0,0,0,0,0,0,50,59,20,45,0,0,600,3654,580,388,0,0,0,0,130,35,0,0,0,0,20,12,60,8,30,10,0,0,160,201,50,184,50,178,30,17,1180,2166,370,706,330,610,150,171,30,24,30,29,510,353,620,572,0,0,0,0,120,102,1080,1662
50,VT,05001,2,1070,700,200,140,420, ,1630,370,50,20,30,0,30,180,250,39167,1070,39873,940,31677,250,115,150,475,140,357,80,38,150,1722,120,175,100,1094,170,2729,0,40,158,180,1207,30,247,330,706,20,5,20,228,60,181,40,167,180,189,0,0,0,0,160,2592,6105,70,781,120,176,40,39,150,604,0,0,160,804,110,553,0,0,0,0,30,22,0,0,100,167,30,119,0,0,1050,23035,1040,2902,0,0,80,53,340,270,50,3,50,26,60,62,140,21,160,151,0,0,120,283,80,215,90,260,50,32,1050,4533,150,265,110,208,100,122,30,27,30,17,940,2632,960,2964,0,0,0,0,160,269,890,1814
50,VT,05001,3,590,250,260,70,280,1150,300,0,0,0,0,0,70,170,36304,590,36881,530,29186,230,109,130,512,120,390,120,70,100,997,110,180,80,881,120,2985,0,30,120,130,1821,40,348,230,577,40,9,0,0,30,197,50,216,120,140,30,49,0,0,210,3261,12790,40,409,190,454,0,0,190,879,60,29,210,1373,160,875,30,47,30,4,20,39,0,0,140,238,40,310,0,0,590,24552,590,3519,0,0,30,65,230,290,40,3,40,19,40,50,50,8,140,204,50,22,70,176,30,106,40,187,20,22,590,4476,0,0,0,0,20,22,40,39,0,0,570,3229,580,3430,0,0,0,0,110,220,460,1215
50,VT,05001,4,350,90,240,30,190,790,200,0,0,0,0,0,30,120,30367,350,31023,320,23162,160,124,100,514,90,347,100,71,80,1343,80,479,60,714,100,2582,0,0,0,70,1365,0,0,160,656,0,0,0,0,0,0,0,0,70,73,0,0,0,0,190,3356,16205,30,241,180,606,0,0,180,968,0,0,190,1589,140,859,0,0,0,0,50,70,0,0,130,377,40,201,0,0,350,21863,350,3225,0,0,0,0,150,229,40,5,30,19,20,39,0,0,90,140,0,0,70,227,0,0,0,0,0,0,350,3834,0,0,0,0,0,0,0,0,0,0,350,2997,350,3254,0,0,0,0,90,293,250,798
50,VT,05001,5,450,70,370,0,230,1200,380,0,0,0,0,0,30,150,58800,450,59651,400,43912,260,411,160,1305,140,1018,180,170,100,1783,130,1520,80,1784,120,4391,0,0,0,100,2207,50,1539,230,851,30,8,0,0,50,422,20,108,110,116,0,0,0,0,340,7647,46313,20,277,340,1972,0,0,330,2182,40,30,340,4195,280,1894,0,0,0,0,0,0,0,0,260,868,50,441,0,0,450,45004,450,7582,0,0,0,0,230,334,60,12,60,32,50,85,0,0,100,123,40,31,90,314,0,0,0,0,0,0,450,8430,0,0,0,0,0,0,50,49,0,0,440,7249,450,7631,0,0,0,0,130,615,290,1262
50,VT,05001,6,80,0,70,0,60,200,50,0,0,0,0,0,0,40,25767,80,26212,70,13692,60,116,50,1020,50,811,30,45,30,1041,50,2983,20,975,20,1109,0,0,0,20,673,30,3226,30,445,0,0,0,0,0,0,0,0,0,0,0,0,0,0,80,3979,24808,0,0,80,1837,0,0,80,826,0,0,80,2692,60,419,0,0,0,0,0,0,0,0,70,549,0,0,0,0,80,21111,80,5269,60,580,0,0,40,74,30,12,0,0,0,0,0,0,0,0,0,0,20,139,0,0,0,0,0,0,80,5439,0,0,0,0,0,0,0,0,0,0,80,5040,80,5314,30,21,40,104,40,607,30,455
50,VT,05031,1,80,60,30,0,40,90,0,0,0,0,0,0,0,50,922,80,975,50,654,40,29,0,0,0,0,0,0,40,378,0,0,0,0,0,0,0,0,0,0,0,0,0,30,53,0,0,0,0,0,0,0,0,0,0,0,0,0,0,0,0,550,0,0,0,0,0,0,0,0,0,0,20,124,0,0,0,0,0,0,0,0,0,0,0,0,0,0,0,0,30,225,30,24,0,0,0,0,0,0,0,0,0,0,0,0,0,0,0,0,0,0,0,0,0,0,0,0,0,0,60,96,30,40,0,0,0,0,0,0,0,0,30,23,40,53,0,0,0,0,0,0,40,62
50,VT,05031,2,50,30,0,0,30,90,60,0,0,0,0,0,0,0,1858,50,1989,40,1247,0,0,40,108,40,59,0,0,0,0,40,15,40,575,30,603,0,0,0,0,0,0,0,40,131,0,0,0,0,0,0,0,0,0,0,0,0,0,0,0,0,0,0,0,30,71,0,0,0,0,0,0,0,0,0,0,0,0,0,0,0,0,0,0,30,19,0,0,0,0,40,942,40,119,0,0,0,0,40,35,0,0,0,0,0,0,0,0,20,27,0,0,50,114,0,0,0,0,0,0,50,228,0,0,0,0,0,0,0,0,0,0,30,104,40,141,0,0,0,0,40,61,30,108
50,VT,05031,3,50,20,30,0,30,90,0,0,0,0,0,0,0,20,3100,50,3100,40,2154,20,7,0,0,0,0,30,18,20,200,0,0,0,0,0,0,0,0,0,50,723,30,1519,0,0,0,0,0,0,0,0,0,0,0,0,0,0,0,0,40,836,1564,0,0,0,0,0,0,40,170,0,0,20,217,30,231,0,0,0,0,0,0,0,0,0,0,0,0,0,0,40,2034,40,281,0,0,0,0,0,0,20,2,0,0,0,0,0,0,0,0,0,0,0,0,0,0,0,0,0,0,40,358,0,0,0,0,0,0,0,0,0,0,40,262,40,299,0,0,0,0,0,0,50,146
50,VT,05031,4,0,0,0,0,0,0,0,0,0,0,0,0,0,0,0,0,0,0,0,0,0,0,0,0,0,0,0,0,0,0,0,0,0,0,0,0,0,0,0,0,0,0,0,0,0,0,0,0,0,0,0,0,0,0,0,0,0,0,0,0,0,0,0,0,0,0,0,0,0,0,0,0,0,0,0,0,0,0,0,0,0,0,0,0,0,0,0,0,0,0,0,0,0,0,0,0,0,0,0,0,0,0,0,0,0,0,0,0,0,0,0,0,0,0,0,0,0,0,0,0,0,0,0,0,0,0,0,0,0,0,0,0,0,0,0,0,0,0,0,0,0,0,0
50,VT,05031,5,50,0,40,0,30,120,40,0,0,0,0,0,0,20,10085,50,10376,30,3372,40,83,30,716,30,580,0,0,0,0,30,1145,0,0,0,0,0,0,0,0,0,0,0,20,291,0,0,0,0,0,0,0,0,0,0,0,0,0,0,40,1634,8973,0,0,40,512,0,0,40,444,0,0,40,1046,20,239,0,0,0,0,0,0,0,0,30,149,0,0,0,0,50,7284,50,1543,0,0,0,0,20,18,0,0,0,0,0,0,0,0,0,0,0,0,0,0,0,0,0,0,0,0,50,1934,0,0,0,0,0,0,0,0,0,0,40,1485,40,1630,0,0,0,0,20,196,0,0
50,VT,05031,6,0,0,0,0,0,0,0,0,0,0,0,0,0,0,0,0,0,0,0,0,0,0,0,0,0,0,0,0,0,0,0,0,0,0,0,0,0,0,0,0,0,0,0,0,0,0,0,0,0,0,0,0,0,0,0,0,0,0,0,0,0,0,0,0,0,0,0,0,0,0,0,0,0,0,0,0,0,0,0,0,0,0,0,0,0,0,0,0,0,0,0,0,0,0,0,0,0,0,0,0,0,0,0,0,0,0,0,0,0,0,0,0,0,0,0,0,0,0,0,0,0,0,0,0,0,0,0,0,0,0,0,0,0,0,0,0,0,0,0,0,0,0,0
50,VT,05032,1,410,300,60,50,190,510,110,30,30,0,0,0,40,130,4896,410,4965,280,3217,90,37,50,81,50,54,0,0,80,509,60,146,50,300,70,537,0,0,0,30,38,0,0,90,69,0,0,0,0,0,0,0,0,20,14,0,0,0,0,30,410,399,30,218,0,0,0,0,30,111,0,0,30,137,0,0,0,0,0,0,0,0,0,0,0,0,30,88,0,0,180,1065,180,110,0,0,0,0,40,10,20,0,0,0,0,0,0,0,0,0,0,0,70,85,0,0,0,0,0,0,350,635,120,223,90,180,50,54,0,0,0,0,160,100,220,195,0,0,0,0,50,47,310,484
50,VT,05032,2,330,210,90,30,150,540,120,0,0,0,0,0,50,70,12218,330,12369,300,10208,80,29,30,80,30,62,40,11,40,533,0,0,30,259,40,616,0,50,144,60,381,0,0,90,151,20,5,0,0,0,0,0,0,40,40,0,0,0,0,50,646,1881,0,0,50,60,0,0,40,170,0,0,50,232,50,252,0,0,0,0,30,31,0,0,40,70,0,0,0,0,330,7004,330,884,0,0,30,27,100,69,0,0,0,0,0,0,80,11,60,48,0,0,40,90,40,129,50,165,40,27,330,1472,50,99,40,75,40,71,0,0,0,0,300,816,310,927,0,0,0,0,50,71,280,611
50,VT,05032,3,180,60,100,20,90,380,100,0,0,0,0,0,30,70,11073,180,11254,160,8578,60,29,40,118,60,71,40,23,30,256,30,128,30,413,40,825,0,20,64,50,687,40,174,70,181,0,0,0,0,40,142,30,103,30,37,0,0,0,0,60,935,3511,30,223,60,111,0,0,60,272,30,11,60,390,50,290,0,0,0,0,0,0,0,0,30,78,0,0,0,0,180,7241,180,1002,0,0,0,0,70,100,0,0,30,14,40,51,0,0,40,57,30,5,20,46,0,0,0,0,0,0,180,1252,0,0,0,0,0,0,40,37,0,0,170,901,180,958,0,0,0,0,40,78,140,364
50,VT,05032,4,130,30,110,0,70,340,90,0,0,0,0,0,0,40,11479,130,11743,130,9529,50,24,20,18,0,0,40,26,30,566,20,-16,20,348,30,586,0,0,0,20,518,0,0,60,264,0,0,0,0,0,0,0,0,30,40,0,0,0,0,60,1064,4895,0,0,50,168,0,0,50,276,0,0,60,457,50,302,0,0,0,0,0,0,0,0,30,116,30,254,0,0,130,8129,130,1159,0,0,0,0,60,99,20,5,0,0,0,0,0,0,40,59,0,0,30,96,0,0,0,0,0,0,130,1455,0,0,0,0,0,0,0,0,0,0,130,1060,130,1176,0,0,0,0,30,73,100,341
50,VT,05032,5,110,0,110,0,90,290,90,0,0,0,0,0,0,50,14374,110,14736,120,12686,70,60,50,1269,50,1141,50,52,30,1320,50,1553,20,463,40,1241,0,0,0,30,668,30,981,60,362,0,0,0,0,0,0,0,0,30,34,0,0,0,0,90,1894,11638,0,0,110,1123,0,0,90,565,0,0,90,1102,80,603,0,0,0,0,0,0,0,0,70,158,0,0,0,0,110,11002,110,1822,0,0,0,0,70,90,0,0,0,0,0,0,0,0,30,30,0,0,20,95,0,0,0,0,0,0,110,2055,0,0,0,0,0,0,0,0,0,0,110,1758,110,1883,0,0,0,0,50,786,70,361
50,VT,05032,6,20,0,0,0,0,50,0,0,0,0,0,0,0,0,10727,20,10727,0,0,0,0,0,0,0,0,0,0,0,0,0,0,0,0,0,0,0,0,0,0,0,0,0,0,0,0,0,0,0,0,0,0,0,0,0,0,0,0,0,20,883,10190,0,0,0,0,0,0,20,208,0,0,20,819,0,0,0,0,0,0,0,0,0,0,0,0,0,0,0,0,20,9700,20,2572,0,0,0,0,0,0,0,0,0,0,0,0,0,0,0,0,0,0,0,0,0,0,0,0,0,0,20,2365,0,0,0,0,0,0,0,0,0,0,20,1665,20,2669,0,0,0,0,0,0,0,0
50,VT,05033,1,540,380,100,60,210,730,160,90,40,50,20,20,60,170,6455,540,6576,390,4869,100,47,60,117,50,80,0,0,90,689,50,37,40,221,80,606,0,0,0,40,53,0,0,100,121,0,0,0,0,0,0,0,0,0,0,0,0,0,0,30,352,381,0,0,0,0,0,0,20,68,0,0,30,80,0,0,0,0,0,0,0,0,0,0,0,0,0,0,0,0,220,1374,220,149,0,0,0,0,50,13,0,0,0,0,0,0,20,3,0,0,0,0,80,106,40,110,40,118,0,0,460,969,170,378,140,322,80,98,20,19,20,23,200,135,250,242,0,0,0,0,60,43,420,762
50,VT,05033,2,430,250,100,90,180,750,220,0,0,0,0,0,80,100,15673,430,15981,380,12603,90,38,50,156,50,71,50,21,60,1069,40,27,40,332,60,990,30,60,203,80,510,30,261,120,308,0,0,0,0,50,196,30,105,80,70,0,0,0,0,70,839,2605,40,286,70,76,0,0,60,177,30,13,70,259,60,300,0,0,0,0,0,0,0,0,50,89,40,211,0,0,420,8669,420,1075,0,0,50,25,180,138,0,0,0,0,30,27,70,11,110,86,0,0,50,174,40,132,40,157,50,31,420,1892,100,196,80,150,60,96,0,0,0,0,360,937,380,1160,0,0,0,0,70,137,350,881
50,VT,05033,3,230,90,120,20,110,470,130,0,0,0,0,0,40,60,13822,230,14168,200,11174,70,20,40,302,40,251,50,37,40,371,40,152,30,345,50,658,0,0,0,50,627,0,0,80,346,0,0,0,0,0,0,0,0,50,45,0,0,0,0,80,1192,4571,20,201,70,170,0,0,70,266,0,0,80,451,60,307,0,0,0,0,40,50,0,0,30,46,0,0,0,0,220,9138,220,1254,0,0,0,0,100,140,40,2,40,17,40,47,20,3,60,101,30,30,30,106,0,0,0,0,0,0,220,1593,0,0,0,0,0,0,30,28,0,0,220,1114,220,1240,0,0,0,0,40,119,180,465
50,VT,05033,4,140,50,100,0,80,340,90,0,0,0,0,0,30,40,12389,140,12569,130,9418,60,24,30,334,30,299,30,22,30,433,20,122,30,466,40,870,0,0,0,30,611,0,0,70,180,40,9,0,0,0,0,20,83,30,32,0,0,0,0,60,1095,5588,0,0,60,241,0,0,60,255,30,9,60,502,50,281,0,0,0,0,0,0,0,0,50,129,20,147,0,0,140,8951,140,1300,0,0,0,0,60,101,0,0,40,16,0,0,0,0,40,71,0,0,20,70,0,0,0,0,0,0,140,1617,0,0,0,0,0,0,0,0,0,0,140,1199,140,1279,0,0,0,0,30,79,110,396
50,VT,05033,5,130,0,110,0,70,320,100,0,0,0,0,0,0,60,16100,130,16472,110,11901,70,33,60,1088,50,975,60,57,40,416,40,7237,30,648,40,1453,0,0,0,40,870,20,555,80,372,0,0,0,0,0,0,0,0,30,37,0,0,0,0,90,1833,10977,0,0,80,467,0,0,80,454,0,0,90,949,90,553,0,0,0,0,0,0,0,0,60,120,0,0,0,0,130,12411,130,2023,0,0,0,0,60,107,20,6,0,0,0,0,0,0,30,46,0,0,20,87,0,0,0,0,0,0,130,2271,0,0,0,0,0,0,0,0,0,0,130,1950,130,2038,0,0,0,0,50,1255,90,367
50,VT,05033,6,30,0,20,0,20,70,0,0,0,0,0,0,0,0,16375,30,16375,20,4283,30,40,0,0,0,0,0,0,0,0,0,0,0,0,0,0,0,0,0,0,0,20,1788,0,0,0,0,0,0,0,0,0,0,0,0,0,0,0,0,30,1376,16174,0,0,30,1096,0,0,30,244,0,0,30,1352,0,0,0,0,0,0,0,0,0,0,20,185,0,0,0,0,30,14776,30,3535,0,0,0,0,0,0,0,0,0,0,0,0,0,0,0,0,0,0,0,0,0,0,0,0,0,0,30,2765,0,0,0,0,0,0,0,0,0,0,30,3424,30,3479,0,0,0,0,0,0,0,0
50,VT,05034,1,80,60,0,0,40,110,40,0,0,0,0,0,0,40,921,80,921,60,699,0,0,0,0,0,0,0,0,0,0,0,0,0,0,20,336,0,0,0,0,0,0,0,0,0,0,0,0,0,0,0,0,0,0,0,0,0,0,0,0,0,0,0,0,0,0,0,0,0,0,0,0,0,0,20,107,0,0,0,0,0,0,0,0,0,0,0,0,0,0,30,200,30,21,0,0,0,0,0,0,0,0,0,0,0,0,0,0,0,0,0,0,30,47,0,0,0,0,0,0,70,144,30,63,30,50,0,0,0,0,0,0,30,19,40,40,0,0,0,0,0,0,70,115
50,VT,05034,2,40,50,0,0,30,60,0,0,0,0,0,0,0,0,1378,40,1429,40,1267,0,0,30,102,30,101,0,0,40,188,0,0,0,0,0,0,0,0,0,0,0,0,0,40,51,0,0,0,0,0,0,0,0,0,0,0,0,0,0,30,395,1403,0,0,20,45,0,0,20,94,0,0,30,146,0,0,0,0,0,0,0,0,0,0,0,0,0,0,0,0,40,787,40,100,0,0,0,0,0,0,0,0,0,0,0,0,0,0,0,0,0,0,0,0,0,0,0,0,0,0,40,184,0,0,0,0,0,0,0,0,0,0,40,94,40,114,0,0,0,0,0,0,50,109
50,VT,05034,3,20,0,50,0,0,40,0,0,0,0,0,0,0,0,1299,20,1299,40,2399,40,12,0,0,0,0,20,13,0,0,0,0,0,0,0,0,0,0,0,30,480,0,0,0,0,0,0,0,0,0,0,0,0,0,0,0,0,0,0,0,0,0,0,0,0,0,0,0,0,0,0,0,0,0,0,0,0,0,0,0,0,0,0,0,0,0,0,0,0,0,20,861,20,115,0,0,0,0,0,0,0,0,0,0,0,0,0,0,0,0,0,0,0,0,0,0,0,0,0,0,20,148,0,0,0,0,0,0,0,0,0,0,20,107,20,111,0,0,0,0,40,96,0,0
50,VT,05034,4,20,0,0,0,30,50,30,0,0,0,0,0,0,30,1898,20,2005,0,0,0,0,0,0,0,0,0,0,0,0,0,0,0,0,0,0,0,0,0,0,0,0,0,30,107,0,0,0,0,0,0,0,0,0,0,0,0,0,0,0,0,0,0,0,0,0,0,0,0,0,0,0,0,0,0,0,0,0,0,0,0,0,0,0,30,74,0,0,0,0,20,1350,20,200,0,0,0,0,40,37,0,0,0,0,0,0,0,0,0,0,0,0,0,0,0,0,0,0,0,0,20,195,0,0,0,0,0,0,0,0,0,0,20,178,20,201,0,0,0,0,0,0,30,73
50,VT,05034,5,30,0,30,0,0,70,0,0,0,0,0,0,0,0,4228,30,4228,30,2869,0,0,0,0,0,0,0,0,0,0,0,0,0,0,0,0,0,0,0,0,0,0,0,0,0,0,0,0,0,0,0,0,0,0,0,0,0,0,0,20,601,3405,0,0,20,176,0,0,20,194,0,0,20,376,20,155,0,0,0,0,0,0,0,0,0,0,0,0,0,0,30,3293,30,599,0,0,0,0,0,0,0,0,0,0,0,0,0,0,0,0,0,0,0,0,0,0,0,0,0,0,30,688,0,0,0,0,0,0,0,0,0,0,30,587,30,594,0,0,0,0,0,0,0,0
50,VT,05034,6,0,0,0,0,0,0,0,0,0,0,0,0,0,0,0,0,0,0,0,0,0,0,0,0,0,0,0,0,0,0,0,0,0,0,0,0,0,0,0,0,0,0,0,0,0,0,0,0,0,0,0,0,0,0,0,0,0,0,0,0,0,0,0,0,0,0,0,0,0,0,0,0,0,0,0,0,0,0,0,0,0,0,0,0,0,0,0,0,0,0,0,0,0,0,0,0,0,0,0,0,0,0,0,0,0,0,0,0,0,0,0,0,0,0,0,0,0,0,0,0,0,0,0,0,0,0,0,0,0,0,0,0,0,0,0,0,0,0,0,0,0,0,0
50,VT,05035,1,110,80,20,0,40,130,0,0,0,0,0,0,0,30,1395,110,1425,70,1062,20,6,0,0,0,0,0,0,0,0,0,0,0,0,30,318,0,0,0,20,119,0,0,30,30,0,0,0,0,0,0,0,0,20,13,0,0,0,0,20,339,732,0,0,0,0,0,0,0,0,0,0,20,79,0,0,0,0,0,0,0,0,0,0,0,0,0,0,0,0,50,398,50,43,0,0,0,0,0,0,0,0,0,0,0,0,0,0,0,0,0,0,30,40,0,0,0,0,0,0,90,164,40,57,30,47,0,0,0,0,0,0,50,38,60,66,0,0,0,0,20,15,80,106
50,VT,05035,2,80,40,30,0,30,130,50,0,0,0,0,0,40,20,2954,80,2984,80,2487,40,31,0,0,0,0,0,0,50,262,0,0,0,0,0,0,0,30,130,0,0,0,0,20,30,0,0,0,0,0,0,0,0,0,0,0,0,0,0,0,0,0,0,0,0,0,0,0,0,0,0,0,0,0,30,126,0,0,0,0,0,0,0,0,0,0,0,0,0,0,80,1544,80,196,0,0,0,0,40,17,0,0,0,0,0,0,0,0,30,25,0,0,0,0,0,0,0,0,0,0,80,338,0,0,0,0,0,0,0,0,0,0,70,185,70,210,0,0,0,0,0,0,70,151
50,VT,05035,3,60,30,40,0,30,100,0,0,0,0,0,0,0,20,3374,60,3500,40,2313,0,0,40,203,40,117,30,11,0,0,40,59,0,0,20,447,0,0,0,30,629,0,0,40,126,0,0,0,0,0,0,0,0,0,0,0,0,0,0,30,564,1974,0,0,50,88,0,0,50,213,0,0,30,228,0,0,0,0,0,0,0,0,0,0,0,0,0,0,0,0,50,2187,50,288,0,0,0,0,40,54,0,0,0,0,0,0,0,0,0,0,0,0,0,0,0,0,0,0,0,0,50,352,0,0,0,0,0,0,0,0,0,0,50,269,50,288,0,0,0,0,40,65,30,98
50,VT,05035,4,30,0,20,0,30,60,20,0,0,0,0,0,0,20,2277,30,2277,20,1708,20,2,0,0,0,0,0,0,0,0,0,0,0,0,0,0,0,0,0,0,0,0,0,0,0,0,0,0,0,0,0,0,0,0,0,0,0,0,0,0,0,0,0,0,0,0,0,0,0,0,0,0,0,0,30,187,0,0,0,0,0,0,0,0,40,95,0,0,0,0,30,1649,30,233,0,0,0,0,0,0,0,0,0,0,0,0,0,0,0,0,0,0,0,0,0,0,0,0,0,0,30,297,0,0,0,0,0,0,0,0,0,0,30,225,30,235,0,0,0,0,0,0,30,123
50,VT,05035,5,30,0,20,0,0,60,0,0,0,0,0,0,0,0,3448,30,3448,20,2598,0,0,0,0,0,0,0,0,0,0,0,0,0,0,0,0,0,0,0,0,0,0,0,0,0,0,0,0,0,0,0,0,0,0,0,0,0,0,0,20,442,2861,0,0,20,121,0,0,20,129,0,0,20,251,0,0,0,0,0,0,0,0,0,0,0,0,0,0,0,0,30,2701,30,470,0,0,0,0,0,0,0,0,0,0,0,0,0,0,0,0,0,0,0,0,0,0,0,0,0,0,30,495,0,0,0,0,0,0,0,0,0,0,30,443,30,469,0,0,0,0,0,0,0,0
50,VT,05035,6,0,0,0,0,0,0,0,0,0,0,0,0,0,0,0,0,0,0,0,0,0,0,0,0,0,0,0,0,0,0,0,0,0,0,0,0,0,0,0,0,0,0,0,0,0,0,0,0,0,0,0,0,0,0,0,0,0,0,0,0,0,0,0,0,0,0,0,0,0,0,0,0,0,0,0,0,0,0,0,0,0,0,0,0,0,0,0,0,0,0,0,0,0,0,0,0,0,0,0,0,0,0,0,0,0,0,0,0,0,0,0,0,0,0,0,0,0,0,0,0,0,0,0,0,0,0,0,0,0,0,0,0,0,0,0,0,0,0,0,0,0,0,0
50,VT,05036,1,130,90,30,0,60,160,30,0,0,0,0,0,0,50,1462,130,1487,90,1015,30,8,20,47,0,0,0,0,40,282,0,0,0,0,20,85,20,0,0,0,0,0,0,30,25,0,0,0,0,0,0,0,0,20,17,0,0,0,0,0,0,0,0,0,0,0,0,0,0,0,0,0,0,0,0,0,0,0,0,0,0,0,0,0,0,0,0,0,0,0,50,326,50,38,0,0,0,0,0,0,0,0,0,0,0,0,0,0,20,18,0,0,30,48,20,71,20,77,0,0,100,189,50,92,40,76,20,21,0,0,0,0,50,35,60,61,0,0,0,0,40,26,90,144
50,VT,05036,2,130,70,40,30,60,210,40,0,0,0,0,0,50,40,4876,130,4940,110,3589,30,4,20,54,40,58,0,0,0,0,40,89,50,517,30,573,0,30,104,50,277,20,1193,30,64,0,0,0,0,0,0,0,0,0,0,0,0,0,0,30,498,1150,30,232,30,36,0,0,30,91,0,0,30,133,20,116,0,0,0,0,0,0,0,0,0,0,0,0,0,0,130,2723,130,332,0,0,0,0,40,40,0,0,0,0,0,0,30,4,0,0,0,0,0,0,0,0,0,0,0,0,130,554,0,0,0,0,0,0,0,0,0,0,120,294,120,326,0,0,0,0,0,0,110,235
50,VT,05036,3,80,40,50,0,40,160,50,0,0,0,0,0,0,50,5046,80,5159,70,3543,30,4,30,93,30,51,40,15,30,294,30,59,0,0,40,757,0,0,0,40,631,0,0,40,113,0,0,0,0,0,0,0,0,30,24,0,0,0,0,30,500,1901,0,0,30,63,0,0,30,134,0,0,30,199,20,131,0,0,0,0,0,0,0,0,50,115,0,0,0,0,80,3292,80,454,0,0,0,0,50,65,0,0,0,0,0,0,0,0,30,41,0,0,30,73,0,0,0,0,0,0,80,527,0,0,0,0,0,0,0,0,0,0,80,410,80,452,0,0,0,0,30,69,50,125
50,VT,05036,4,40,0,30,0,20,90,0,0,0,0,0,0,0,0,3568,40,3568,40,2555,20,12,0,0,0,0,0,0,0,0,0,0,20,443,0,0,0,0,0,0,0,0,0,0,0,0,0,0,0,0,0,0,0,0,0,0,0,0,0,20,415,1952,0,0,20,74,0,0,20,112,0,0,20,188,20,119,0,0,0,0,0,0,0,0,0,0,0,0,0,0,40,2538,40,361,0,0,0,0,0,0,30,2,0,0,0,0,0,0,0,0,0,0,0,0,0,0,0,0,0,0,40,438,0,0,0,0,0,0,0,0,0,0,40,340,40,358,0,0,0,0,0,0,30,84
50,VT,05036,5,70,0,60,0,30,160,30,0,0,0,0,0,0,30,16054,70,16382,60,7583,50,30,30,274,30,243,20,34,0,0,30,918,0,0,20,849,0,0,0,20,475,0,0,30,328,0,0,0,0,0,0,0,0,0,0,0,0,0,0,60,2308,14484,0,0,60,912,0,0,60,380,0,0,60,1295,40,346,0,0,0,0,0,0,0,0,40,479,0,0,0,0,70,12981,70,3014,0,0,0,0,30,31,0,0,0,0,0,0,0,0,0,0,0,0,0,0,0,0,0,0,0,0,70,3183,0,0,0,0,0,0,0,0,0,0,70,2979,70,3157,0,0,0,0,30,164,30,166
50,VT,05036,6,0,0,0,0,0,0,0,0,0,0,0,0,0,0,0,0,0,0,0,0,0,0,0,0,0,0,0,0,0,0,0,0,0,0,0,0,0,0,0,0,0,0,0,0,0,0,0,0,0,0,0,0,0,0,0,0,0,0,0,0,0,0,0,0,0,0,0,0,0,0,0,0,0,0,0,0,0,0,0,0,0,0,0,0,0,0,0,0,0,0,0,0,0,0,0,0,0,0,0,0,0,0,0,0,0,0,0,0,0,0,0,0,0,0,0,0,0,0,0,0,0,0,0,0,0,0,0,0,0,0,0,0,0,0,0,0,0,0,0,0,0,0,0
50,VT,05037,1,120,90,20,0,50,140,20,0,0,0,0,0,0,40,1477,120,1552,80,893,30,21,50,106,40,58,0,0,30,154,40,57,30,186,30,405,0,20,68,30,150,0,0,40,75,0,0,0,0,0,0,0,0,0,0,0,0,0,0,20,351,761,0,0,0,0,0,0,20,132,0,0,30,156,0,0,0,0,0,0,0,0,0,0,0,0,0,0,0,0,50,296,50,30,0,0,0,0,0,0,0,0,0,0,0,0,20,3,0,0,0,0,0,0,0,0,20,65,0,0,100,172,50,76,40,56,20,22,0,0,0,0,40,24,50,53,0,0,0,0,30,39,90,120
50,VT,05037,2,100,60,20,40,50,160,30,0,0,0,0,0,0,40,20,3831,100,3954,90,2891,30,4,0,0,0,0,0,0,40,758,0,0,0,0,0,0,0,0,0,0,0,0,0,40,123,0,0,0,0,30,164,0,0,40,43,0,0,0,0,0,0,0,0,0,0,0,0,0,0,0,0,0,0,0,30,190,0,0,0,0,0,0,0,0,0,0,0,0,0,0,100,2243,100,285,0,0,0,0,50,31,0,0,0,0,0,0,0,0,0,0,0,0,50,137,0,0,0,0,0,0,100,473,0,0,0,0,0,0,0,0,0,0,90,261,90,336,0,0,0,0,0,0,80,151
