account_length,total_day_charge,total_eve_charge,total_night_charge,total_intl_charge,customer_service_calls,churn
101,45.85,17.65,9.64,1.22,3,1
73,22.3,9.05,9.98,2.75,2,0
86,24.62,17.53,11.49,3.13,4,0
59,34.73,21.02,9.66,3.24,1,0
129,27.42,18.75,10.11,2.59,1,0
100,28.22,20.07,6.04,2.94,1,0
149,26.52,4.76,7.35,2.4,0,0
140,26.71,14.65,8.3,3.0,1,0
164,37.25,12.88,2.25,3.86,1,0
130,35.21,17.01,8.74,3.35,1,0
111,16.46,14.5,7.47,3.62,2,0
201,36.16,19.14,8.78,1.89,1,0
74,21.22,11.31,7.21,2.86,3,0
81,19.7,20.11,11.48,3.16,3,0
62,21.88,14.41,8.71,2.78,1,0
99,14.91,18.96,8.2,1.97,2,0
166,25.86,10.29,8.91,2.65,0,0
64,40.15,18.58,8.73,3.56,2,1
15,24.04,10.53,14.56,2.19,2,0
83,34.39,17.13,4.58,1.84,0,0
101,40.46,17.82,10.49,2.7,2,0
95,22.85,12.95,10.64,2.54,1,0
205,8.48,12.81,8.47,2.73,2,0
54,46.34,21.14,8.88,2.57,1,1
120,41.53,27.4,7.51,2.86,0,0
112,36.91,17.44,8.36,2.54,2,0
74,26.2,16.6,12.45,3.56,4,0
72,33.41,13.48,12.12,1.84,0,0
78,40.26,22.55,6.86,2.57,1,1
106,37.42,18.89,7.13,3.54,0,0
23,26.62,13.73,13.26,2.54,1,0
106,33.12,18.14,8.59,3.11,0,0
114,34.65,7.46,7.48,3.16,1,0
100,16.41,17.87,6.59,3.38,1,1
137,39.13,18.73,9.21,2.89,4,0
43,34.03,20.77,9.32,3.13,3,0
78,23.66,16.27,12.89,3.19,3,0
101,32.96,16.13,8.83,3.4,0,0
156,30.4,15.16,7.61,2.03,1,0
130,25.57,19.59,8.38,3.32,1,0
109,36.92,12.37,12.63,2.51,0,0
126,43.61,16.96,8.47,1.89,3,0
120,30.24,14.88,7.26,3.11,1,0
112,28.66,25.33,8.76,2.65,1,0
116,22.66,21.06,9.86,3.05,5,1
128,30.48,19.2,14.54,2.32,0,0
145,29.8,13.03,10.51,3.0,1,0
171,45.99,19.55,6.12,2.59,1,1
53,44.4,21.32,7.92,2.65,0,1
92,23.77,14.87,9.07,2.54,2,0
59,36.02,17.25,9.61,2.38,1,0
157,40.83,13.01,11.21,2.75,2,0
116,31.21,17.32,7.51,1.62,2,0
84,18.11,19.18,8.49,1.54,2,0
100,47.26,15.02,9.88,2.24,0,1
54,46.55,10.17,12.04,3.16,1,0
121,28.71,10.53,11.98,0.78,2,0
48,39.25,14.25,12.15,2.05,3,0
100,22.29,14.98,4.04,1.16,1,0
204,34.88,13.16,8.61,3.81,3,0
50,32.74,11.49,9.73,2.13,2,0
103,41.91,16.62,9.02,3.16,1,0
122,28.22,19.88,7.65,2.08,2,0
69,26.35,12.1,6.47,1.59,1,0
127,13.97,13.88,11.92,1.38,0,0
92,22.78,17.51,8.13,2.62,0,0
128,27.0,22.51,12.15,2.05,1,0
92,44.93,13.68,8.94,2.51,0,0
119,18.56,13.01,10.8,2.65,2,0
115,31.3,27.8,9.56,2.03,2,0
132,28.88,17.8,9.27,3.11,1,0
86,38.06,13.23,6.76,1.97,1,0
66,32.44,22.21,9.43,2.4,0,0
37,37.57,17.38,5.31,1.84,4,0
68,35.29,21.39,8.62,2.94,2,0
92,29.29,22.63,10.27,3.19,1,0
104,29.0,13.78,9.48,1.65,1,0
146,33.3,19.43,13.66,3.29,3,0
103,24.02,21.56,9.71,1.73,1,0
92,26.81,25.38,9.76,3.73,1,0
142,14.42,11.62,11.27,3.83,2,0
130,42.84,14.47,9.41,1.54,0,0
91,36.82,14.71,10.89,2.46,1,0
106,21.86,11.39,9.48,3.08,0,0
122,24.75,24.2,10.27,3.29,0,0
109,36.89,17.6,12.06,2.21,1,0
96,27.23,22.74,10.28,2.51,2,0
142,36.86,15.96,6.21,2.24,0,0
97,46.94,17.09,10.41,2.4,0,1
94,15.22,28.89,7.78,2.13,1,1
64,37.33,25.78,6.95,2.62,1,0
121,43.37,22.69,8.9,2.38,3,1
128,25.25,20.66,11.48,1.84,1,0
123,29.87,15.69,7.06,2.46,2,0
181,24.36,16.62,10.05,1.62,1,0
64,49.49,19.27,9.86,2.03,1,0
90,21.17,19.69,10.0,1.73,1,0
139,33.32,15.81,6.89,2.65,3,0
72,31.74,28.48,8.42,4.46,1,0
114,32.56,14.89,9.91,0.0,0,0
135,29.43,17.33,5.5,3.94,0,1
103,29.5,20.77,9.97,2.62,3,0
141,25.26,11.14,9.87,2.73,1,0
143,24.04,15.84,9.45,2.08,1,0
86,37.03,18.25,10.29,3.05,0,0
46,27.91,16.68,10.62,2.19,1,0
75,25.08,16.29,6.08,4.43,2,0
161,18.28,21.79,11.12,3.4,2,0
13,30.02,14.68,4.7,3.05,2,0
101,37.45,24.29,9.14,2.54,4,0
71,30.29,14.26,8.19,3.67,3,1
125,27.85,21.73,8.68,4.24,0,0
113,21.88,19.3,8.01,2.48,2,1
140,27.05,22.93,9.92,2.78,1,0
108,40.83,19.58,9.76,1.4,2,0
122,39.53,17.47,9.62,3.21,0,0
114,32.81,21.25,6.0,2.59,2,0
68,27.56,13.18,8.54,2.97,5,1
88,39.97,21.4,12.87,1.94,4,1
144,48.26,16.32,8.83,2.7,1,0
82,45.08,15.19,7.86,2.89,2,0
85,15.27,19.82,7.46,2.51,4,1
110,9.4,14.0,9.03,2.75,1,0
112,37.67,11.07,9.0,3.05,1,0
104,16.52,13.23,11.77,3.35,0,0
9,32.95,17.22,8.6,3.59,1,0
140,32.11,13.68,8.9,3.11,4,0
122,29.73,21.1,7.41,3.65,1,1
66,18.14,17.83,8.57,3.27,1,0
148,41.31,16.3,5.3,3.62,2,0
173,32.54,14.32,4.92,2.78,1,0
96,47.07,20.99,11.45,2.78,1,1
140,39.42,13.61,4.97,3.86,3,0
112,35.05,13.98,6.31,3.4,3,0
72,23.39,12.2,12.32,2.59,2,0
32,39.58,15.6,9.31,3.51,0,0
197,26.32,14.58,10.23,2.86,3,0
117,26.04,22.38,6.08,3.21,1,0
163,33.52,16.02,9.5,2.11,1,0
66,34.22,12.99,10.49,2.03,1,0
127,37.16,12.74,9.21,2.48,2,0
91,39.41,12.8,12.11,3.13,3,0
74,28.1,16.87,9.38,2.65,1,0
114,21.28,15.11,10.46,3.48,1,0
93,29.41,16.18,13.05,2.81,0,0
133,36.75,18.89,8.64,0.84,2,0
82,23.02,20.15,5.32,4.73,0,0
78,27.81,24.09,11.79,2.32,0,0
79,36.31,19.97,10.33,2.38,2,0
136,27.78,21.19,11.24,2.65,7,0
161,32.62,6.03,9.22,3.62,4,1
67,30.57,14.72,12.28,2.94,0,0
60,45.2,18.34,4.86,3.78,0,1
165,28.46,14.68,8.67,2.57,3,0
128,38.0,16.05,6.97,2.54,2,1
110,34.44,10.1,10.57,2.43,2,0
130,25.99,18.12,9.24,2.92,2,0
55,32.13,10.07,11.16,4.62,0,0
127,24.94,17.3,9.15,3.7,1,0
108,23.56,14.65,10.42,2.65,1,0
140,33.12,14.53,10.13,3.75,0,0
77,24.63,12.86,11.36,3.32,2,0
163,34.49,15.18,9.17,3.46,5,0
77,42.81,17.48,12.38,2.65,2,1
91,22.73,16.6,12.62,1.59,0,0
117,36.72,19.05,12.06,3.19,0,0
90,18.63,11.7,7.19,2.97,2,0
60,35.0,23.58,9.09,2.97,0,1
64,35.7,19.78,7.6,1.59,8,0
117,40.78,14.86,9.43,2.65,0,0
105,24.89,19.13,10.35,2.3,1,0
27,12.36,17.73,2.96,2.67,1,0
76,44.78,19.58,7.68,3.08,1,1
121,30.12,10.5,9.59,2.27,1,0
142,40.36,14.95,9.46,2.48,3,0
192,26.55,18.32,12.56,2.67,2,0
139,22.85,17.96,8.71,2.75,5,1
102,21.3,12.0,7.57,1.7,3,0
197,39.76,18.61,8.23,2.57,0,0
166,21.79,23.33,13.45,2.38,2,0
182,11.75,19.58,11.55,1.76,0,0
51,30.86,16.74,8.42,2.78,1,0
131,36.01,22.14,6.49,2.92,0,0
62,14.67,20.29,10.73,3.38,2,0
105,38.66,22.82,6.45,3.51,1,0
125,28.66,14.93,10.95,2.94,0,0
142,31.79,11.44,10.9,2.0,2,0
52,36.89,12.95,6.04,3.19,2,0
126,9.89,11.79,6.16,3.21,5,1
80,19.24,15.77,10.68,2.57,1,0
132,32.86,10.91,7.29,3.13,5,1
98,36.33,21.51,9.35,2.89,2,0
133,37.59,13.62,7.28,2.27,4,0
94,29.58,20.49,9.35,2.13,1,0
51,28.78,11.86,8.87,3.24,0,0
51,40.26,22.39,8.15,3.02,1,0
156,29.67,16.78,10.73,2.86,0,0
125,30.99,11.88,7.72,3.13,2,0
94,39.85,23.74,10.54,0.54,1,1
129,27.05,17.21,10.49,3.11,2,0
106,34.68,14.32,7.38,3.59,3,1
146,26.18,15.77,6.67,2.21,3,0
3,27.37,20.82,8.14,2.08,1,0
166,29.89,21.56,5.78,3.08,1,0
33,42.82,16.54,9.5,2.27,2,0
103,25.48,14.53,7.72,3.11,0,1
116,27.98,23.0,10.37,2.16,0,0
108,19.57,17.96,6.12,3.73,2,1
54,42.08,19.16,10.99,2.75,2,1
36,30.24,19.09,13.78,2.92,2,0
141,44.23,15.23,6.08,1.94,3,0
144,18.09,9.19,9.38,2.73,1,0
97,36.99,27.24,6.78,1.13,0,0
148,40.68,16.63,10.47,2.94,1,0
36,5.08,10.97,14.67,2.32,2,0
64,33.01,14.74,12.09,1.49,2,0
99,23.07,17.71,9.4,2.38,7,1
149,37.01,23.25,10.21,2.59,3,0
46,6.87,14.65,6.53,2.43,2,0
93,23.26,15.26,3.2,3.38,2,0
85,37.79,19.68,10.06,2.97,3,0
156,32.69,16.99,10.99,4.0,1,0
115,28.31,20.08,9.25,4.21,1,0
43,39.13,15.87,5.78,2.48,0,0
84,27.05,12.73,9.6,3.51,1,0
44,24.34,14.43,9.71,2.05,1,0
42,15.67,17.95,5.81,3.54,1,0
138,22.76,14.14,8.71,4.16,1,0
30,23.39,13.77,8.45,1.57,3,0
91,25.02,14.89,6.13,3.59,2,0
81,26.27,18.38,10.34,3.7,1,0
94,27.8,12.21,11.4,3.4,1,0
101,40.63,23.21,12.52,3.65,1,1
163,33.49,17.22,9.29,2.46,1,0
82,24.91,20.94,8.96,1.11,1,0
127,26.32,15.06,9.34,2.43,1,0
79,8.6,17.12,6.61,1.13,2,0
53,28.7,18.73,6.94,2.94,0,0
86,12.05,14.17,11.02,3.0,3,0
104,30.96,18.16,8.69,3.62,2,0
70,35.48,23.42,8.21,2.16,2,0
1,35.36,15.73,8.0,2.19,1,0
107,42.26,10.14,8.74,3.24,1,0
76,32.25,18.09,7.46,2.7,1,0
125,50.73,22.99,4.83,3.29,0,1
184,40.19,24.42,8.64,3.73,1,1
73,41.09,14.32,7.64,3.0,2,0
77,25.4,10.53,7.84,2.73,1,0
68,14.03,24.64,8.1,1.3,3,0
1,31.13,19.77,11.17,2.27,0,0
67,35.82,18.63,8.09,1.94,1,0
152,35.07,24.89,1.97,2.86,1,0
115,28.99,18.46,10.16,3.67,6,0
19,26.62,19.06,11.74,3.05,1,0
82,26.18,8.02,12.94,2.73,1,0
81,37.54,12.62,8.28,2.05,2,0
103,31.45,18.98,10.03,3.4,2,0
17,33.75,23.0,9.45,2.19,1,0
90,30.45,16.2,5.75,2.86,3,0
162,37.5,13.19,8.4,2.84,1,0
135,34.24,20.95,6.97,3.48,2,1
80,25.26,17.92,9.17,2.7,2,0
70,24.38,14.45,5.76,2.54,3,0
121,33.73,6.4,8.15,1.57,3,1
75,27.81,12.47,15.56,3.54,3,0
74,31.91,13.89,8.82,2.46,0,0
31,16.58,22.13,3.99,1.89,1,0
46,32.54,30.75,6.64,1.94,1,0
109,34.02,25.58,10.62,3.21,0,0
120,42.86,19.22,7.0,3.73,1,0
87,33.71,15.9,6.01,4.48,2,0
76,28.82,10.54,9.87,2.7,0,0
122,39.8,17.02,10.68,3.54,2,0
16,29.7,23.87,7.73,2.84,5,0
100,30.45,16.71,8.4,2.75,1,0
148,31.48,14.48,7.43,2.57,1,0
118,43.04,17.09,8.79,2.62,2,0
127,43.61,18.88,7.05,3.51,1,0
97,28.85,14.1,8.64,3.46,3,0
71,31.45,19.76,8.6,4.02,3,0
74,27.66,24.82,8.25,2.35,0,0
145,29.89,23.32,10.2,3.35,1,0
155,32.35,25.61,9.66,2.16,1,0
33,36.36,20.38,6.69,2.65,2,0
120,42.84,12.77,6.83,2.59,2,0
119,50.01,19.76,8.78,2.43,0,1
132,31.09,24.85,6.4,3.11,0,0
81,25.4,14.61,9.65,4.83,3,1
82,26.38,20.78,5.51,2.89,1,0
117,31.42,21.13,5.99,2.59,1,0
88,22.36,14.86,8.29,2.13,5,1
100,37.2,12.61,12.5,2.62,1,0
67,21.93,15.98,10.58,3.02,2,0
105,40.21,9.95,9.95,2.19,2,0
37,22.93,21.11,10.63,3.97,3,0
142,23.94,19.43,6.88,2.94,1,0
112,30.91,19.39,11.82,2.48,2,0
75,20.66,23.07,11.19,3.05,2,0
148,30.31,24.02,8.15,3.08,1,0
160,14.06,16.54,7.15,2.94,0,0
12,42.43,21.45,12.61,3.19,1,1
128,41.68,8.63,6.85,2.89,0,0
134,1.33,14.57,8.39,3.48,2,0
124,32.52,22.23,8.2,2.7,1,0
101,26.93,15.98,9.89,3.65,4,1
98,46.14,16.18,12.81,3.0,4,1
138,24.91,24.18,7.92,3.78,3,0
101,15.25,22.11,7.65,3.65,5,1
30,36.96,18.17,10.22,1.78,0,0
64,58.96,21.21,12.39,3.59,1,1
74,50.68,17.11,9.66,2.62,2,1
67,29.78,16.93,9.89,3.56,1,0
124,30.31,19.98,10.79,2.94,3,0
57,14.6,16.48,10.42,2.73,0,0
77,24.19,26.04,8.84,2.67,1,0
105,18.09,20.41,6.65,1.43,6,1
189,26.38,16.62,7.65,4.16,1,0
155,31.16,17.43,11.87,1.38,1,0
106,25.14,17.79,7.29,2.38,2,0
159,31.3,16.53,10.15,4.56,0,0
57,26.21,16.72,11.41,2.73,1,0
75,38.34,15.47,12.19,2.54,3,0
85,21.74,23.05,9.1,3.38,0,0
54,48.72,18.97,9.17,3.11,1,1
99,40.99,13.23,8.47,3.13,1,0
123,43.84,17.99,8.52,2.54,2,0
107,28.44,13.93,8.37,1.81,2,0
101,20.59,15.84,10.88,2.73,0,0
106,28.2,18.4,7.79,3.81,4,0
98,12.38,15.84,7.89,2.84,3,0
174,23.7,12.19,10.13,2.7,2,0
106,35.41,14.4,4.59,4.29,3,0
127,30.99,14.44,8.28,2.51,1,0
132,37.81,14.06,9.38,3.02,0,0
87,26.06,19.08,12.3,2.4,2,0
109,29.82,21.31,13.02,2.65,1,0
144,10.47,6.55,7.79,2.21,4,1
88,26.1,21.39,8.2,2.3,1,0
93,32.33,22.29,5.85,2.38,0,0
105,32.9,18.72,12.26,2.3,0,0
156,21.03,8.76,8.52,3.54,1,0
78,39.27,19.58,11.76,2.57,1,0
113,27.01,20.64,11.15,1.76,0,0
114,14.4,21.24,8.7,3.92,1,0
91,41.89,15.47,7.09,3.27,2,1
209,26.13,16.03,9.04,2.89,0,0
73,16.0,23.83,9.23,2.65,0,0
72,28.2,20.05,9.45,3.24,2,0
73,30.99,16.93,5.41,4.86,1,0
104,25.19,13.75,11.67,2.97,0,0
54,40.17,12.99,7.21,3.02,3,0
125,38.98,15.08,8.52,3.24,1,0
120,26.1,16.49,11.54,2.75,5,0
176,34.32,13.15,7.4,2.43,1,0
160,28.29,26.95,7.22,2.7,1,0
113,36.64,18.59,9.32,1.78,4,0
155,12.1,25.87,8.25,2.32,0,0
127,34.36,19.5,8.78,3.11,2,0
72,20.09,14.21,9.64,3.29,3,0
44,34.44,13.86,12.06,2.24,0,0
77,34.83,17.09,9.89,3.05,0,0
126,31.65,16.12,3.44,2.59,2,0
138,26.38,22.81,8.39,2.62,3,0
182,47.45,15.34,9.79,2.57,2,1
130,29.67,18.49,9.91,3.29,1,0
88,27.46,14.75,9.28,2.13,2,0
116,32.88,20.45,11.16,3.08,5,0
99,9.32,14.71,8.78,2.03,1,0
110,46.09,20.15,10.8,2.65,2,1
34,25.76,21.14,8.99,2.89,2,0
69,46.16,21.54,7.44,2.21,1,1
113,25.52,17.01,12.0,2.97,2,0
152,36.48,8.21,7.68,2.13,1,0
78,22.24,19.01,10.25,2.7,1,0
92,26.18,28.03,12.96,1.51,3,1
152,24.06,22.36,9.32,0.92,2,0
30,42.06,14.95,12.93,3.05,0,0
61,7.65,12.86,6.88,2.65,2,0
80,27.39,16.9,10.28,2.86,1,0
120,32.74,17.54,12.74,2.92,1,0
113,31.89,17.7,7.15,2.35,2,0
89,31.96,12.86,9.09,2.84,2,0
90,37.74,15.9,12.7,3.35,2,0
96,30.52,13.8,11.9,1.78,1,0
193,16.46,12.12,9.45,2.94,2,1
145,39.03,11.74,11.29,0.89,1,0
120,22.92,17.35,10.73,1.81,1,0
149,11.75,11.59,8.18,1.7,1,0
94,37.54,13.28,8.46,2.84,2,0
210,53.35,12.55,8.67,2.73,3,0
31,28.24,6.74,9.62,3.43,1,0
60,24.65,17.77,14.78,3.94,1,0
100,13.38,19.18,6.77,3.78,0,0
109,28.37,18.8,8.88,3.32,1,1
107,37.3,15.34,4.68,2.97,2,0
97,31.18,22.87,9.16,1.81,5,0
164,27.15,14.35,10.98,2.59,3,0
63,47.26,22.64,10.08,3.54,4,1
40,13.89,17.87,9.54,3.05,6,1
80,25.47,23.49,10.86,2.94,2,0
119,22.68,17.39,8.86,3.0,1,0
151,33.12,24.88,10.11,1.49,0,0
97,24.51,19.27,6.51,3.73,3,0
119,40.65,20.7,10.39,2.94,3,1
108,33.88,19.06,6.3,4.1,0,0
183,19.84,18.17,9.64,2.62,2,0
81,24.72,10.99,8.39,1.4,1,0
154,32.69,14.05,9.23,2.43,2,0
161,12.38,22.7,10.01,3.19,2,0
93,25.89,22.74,12.01,3.05,7,0
78,25.01,16.97,7.23,3.7,0,0
104,47.67,15.25,6.78,4.1,5,0
129,16.66,20.46,11.47,2.84,0,0
46,36.4,13.97,7.99,2.21,2,0
124,43.1,10.02,11.18,3.78,0,0
137,16.58,16.64,13.0,0.0,1,0
137,22.97,11.4,10.04,3.32,2,1
82,51.05,15.39,12.15,3.16,0,1
37,45.0,18.4,9.48,2.81,0,0
67,23.61,17.76,10.46,2.48,2,0
118,45.53,26.89,9.39,3.89,5,1
143,35.55,9.02,8.08,3.78,0,0
117,17.83,20.2,11.85,2.08,3,0
106,38.0,19.98,6.3,2.86,2,0
133,24.45,15.64,12.4,3.48,3,0
92,22.22,22.15,10.99,2.54,2,1
51,44.18,14.98,3.47,4.13,1,0
107,39.17,21.88,4.83,2.3,1,0
76,18.24,20.25,12.23,2.7,4,1
59,22.63,18.8,5.92,1.84,1,0
128,31.84,23.02,9.29,2.73,1,0
123,51.88,13.3,12.6,3.56,1,0
83,20.04,13.63,10.59,3.08,0,0
137,29.8,20.51,9.51,2.11,0,0
73,29.82,21.09,5.51,3.29,0,0
133,43.3,21.44,8.01,2.16,0,1
178,21.17,12.0,12.07,3.08,2,1
52,33.27,9.03,7.08,1.43,2,0
102,26.61,17.37,6.39,2.67,2,0
99,24.75,8.36,10.39,2.94,1,0
97,20.54,14.43,8.73,3.21,4,1
86,38.32,15.9,12.65,3.48,1,0
87,24.87,14.6,7.54,1.43,1,0
133,50.15,19.01,10.32,3.48,2,1
21,15.62,16.86,7.73,3.51,2,0
159,32.15,20.92,10.89,2.81,1,1
91,28.87,5.54,6.5,2.94,1,0
118,19.21,12.76,9.19,2.92,2,0
143,18.72,14.37,7.5,2.48,1,0
87,44.85,8.79,9.36,2.3,3,0
124,43.23,6.71,6.89,3.19,2,0
134,41.5,20.99,9.0,1.94,0,0
7,37.64,14.09,11.12,2.92,1,0
77,11.51,16.63,10.64,3.24,1,0
129,28.63,18.45,3.67,3.19,1,0
118,27.2,14.91,8.32,2.67,2,0
117,22.9,15.3,9.04,2.08,1,0
108,47.02,18.71,8.01,2.65,2,0
34,30.7,23.83,13.16,1.35,1,0
22,30.91,16.88,9.3,2.51,2,0
80,32.15,18.97,12.11,3.75,2,1
54,24.46,17.88,5.81,3.38,2,0
93,22.81,13.81,8.4,3.19,4,1
69,23.02,20.24,8.8,2.86,1,0
57,32.78,13.43,10.6,3.43,1,0
52,22.12,21.01,13.02,3.65,2,0
84,32.33,16.8,11.14,2.65,2,0
114,52.68,17.03,8.26,3.83,1,0
132,38.45,15.44,11.65,2.84,3,1
86,43.03,17.86,4.27,3.21,3,0
183,18.41,15.61,7.95,3.65,0,0
105,46.05,19.23,8.05,2.38,0,1
21,41.6,14.28,12.67,1.78,1,0
29,53.24,18.39,9.83,3.46,2,1
121,28.97,29.79,13.37,3.02,0,1
91,37.04,19.56,10.44,2.86,1,0
116,15.22,15.37,8.69,3.78,2,0
173,39.51,18.01,12.29,1.35,3,0
62,31.69,17.09,12.9,3.0,2,1
91,34.53,17.86,8.8,3.24,3,0
115,23.68,16.35,6.8,2.51,7,1
104,47.63,18.74,6.16,3.59,4,0
167,22.37,17.96,7.57,3.0,4,1
79,40.24,22.4,11.68,3.24,1,0
157,32.74,16.62,4.94,1.84,3,0
43,30.48,21.48,10.24,2.16,0,0
131,23.1,19.82,9.48,2.54,1,0
157,46.95,14.09,6.82,0.59,3,0
1,30.96,11.47,6.85,2.7,5,1
81,29.44,20.08,10.81,3.19,2,0
108,40.68,18.99,11.31,2.86,0,0
107,37.79,24.31,11.22,3.27,1,1
116,32.22,16.13,9.26,3.54,1,0
91,25.81,8.81,7.03,3.29,1,0
116,34.07,23.19,9.65,2.24,1,0
11,22.36,19.57,12.77,2.7,2,0
78,32.59,20.52,9.16,2.46,1,0
17,26.03,15.8,10.09,2.7,6,1
122,43.13,19.48,8.57,2.48,7,0
66,43.57,15.32,8.43,1.67,2,0
74,26.47,14.76,11.58,2.19,0,0
89,30.38,19.86,5.94,2.46,1,0
25,41.24,17.77,9.89,3.89,2,0
119,37.88,13.87,7.23,3.02,1,0
168,27.78,20.41,7.38,3.13,2,1
120,25.6,10.12,10.48,1.73,1,0
81,44.44,18.33,12.23,2.16,1,1
123,24.92,9.76,9.92,0.78,0,0
90,28.48,11.82,6.23,3.51,1,0
89,29.65,16.72,5.73,3.19,1,0
138,3.32,11.98,8.09,2.13,0,0
150,32.18,18.78,10.74,2.48,4,0
64,35.05,19.75,11.32,3.67,1,0
105,26.61,11.92,10.23,3.29,2,0
86,23.19,17.21,10.38,3.11,3,0
164,40.6,19.55,9.28,3.56,1,0
148,42.99,24.17,11.83,3.32,1,0
95,44.34,18.14,8.8,2.73,1,0
46,15.37,23.48,6.59,3.43,1,0
224,18.94,14.88,9.77,1.49,3,0
110,33.34,16.97,6.12,3.48,3,0
95,26.74,16.79,5.77,2.27,2,0
114,21.93,24.65,7.97,3.13,1,0
124,32.98,20.49,10.24,3.21,0,0
79,45.61,15.77,11.91,1.7,1,1
147,26.78,16.12,10.22,3.0,3,1
150,35.67,13.18,11.32,1.94,0,0
143,26.42,24.73,10.28,3.75,1,0
74,42.4,17.81,8.13,2.67,4,0
181,32.35,21.17,9.71,2.86,1,0
93,20.04,13.98,9.76,2.65,1,0
185,9.45,24.54,5.0,3.27,2,0
117,37.62,14.25,11.82,1.19,0,0
111,39.0,18.2,13.03,2.81,4,0
87,28.44,16.87,5.99,2.97,1,0
74,30.16,20.43,10.68,3.24,0,0
83,32.52,21.31,11.22,4.75,2,0
57,40.21,13.86,10.65,3.29,2,0
57,37.59,20.12,11.35,2.57,0,0
117,25.48,21.77,9.57,3.59,2,0
98,2.13,21.81,7.62,2.08,1,0
73,29.53,17.34,7.86,1.7,2,0
140,19.18,13.32,11.23,4.4,0,0
163,30.38,18.33,6.87,2.86,4,0
75,22.25,17.29,7.73,3.35,1,0
83,46.16,18.39,5.45,3.16,1,0
88,51.26,21.9,5.98,3.62,4,1
110,16.9,23.38,9.54,4.51,2,0
212,21.42,12.27,13.63,2.05,1,0
126,54.62,14.27,8.71,2.16,1,1
60,31.11,17.57,9.17,3.0,1,0
83,35.51,18.26,11.16,3.51,1,0
63,31.31,26.57,11.88,3.29,1,0
76,31.64,17.99,10.38,2.16,0,0
109,35.55,17.43,5.37,2.11,2,0
112,13.87,22.79,6.34,2.32,1,0
152,54.03,13.0,5.55,2.81,1,1
105,46.55,24.62,12.11,1.57,2,1
57,27.37,17.68,9.36,2.27,3,0
174,37.71,17.9,9.98,3.35,1,0
65,33.22,15.4,8.03,2.4,0,0
73,31.84,20.37,7.54,4.08,1,0
141,14.14,16.2,6.77,2.89,1,0
83,16.15,14.27,9.03,3.02,0,0
16,24.62,14.02,10.42,2.21,2,0
98,41.74,24.88,8.28,2.92,1,0
122,23.24,20.66,8.5,2.32,0,0
1,21.05,20.08,3.29,1.0,0,0
126,47.26,21.52,10.04,2.35,0,0
48,32.03,14.1,9.26,3.56,1,0
13,32.84,16.52,8.39,2.62,4,0
118,22.68,10.29,11.46,1.59,1,0
152,40.38,21.54,11.93,3.83,9,1
125,22.41,11.62,13.87,2.08,2,0
154,11.03,15.65,6.82,3.94,1,0
100,30.11,13.91,10.92,2.0,0,0
119,30.28,18.09,10.18,2.7,1,0
53,34.87,13.64,6.73,2.89,3,0
76,29.09,21.86,4.12,4.37,1,0
90,29.9,24.24,6.79,3.51,1,0
43,33.98,24.51,8.13,3.05,1,0
130,21.13,23.01,10.78,0.95,0,0
56,35.77,15.01,6.74,4.19,1,0
48,25.36,13.76,8.91,2.24,3,0
116,29.5,16.5,9.36,4.37,3,0
78,23.36,20.2,9.3,3.78,3,0
103,21.98,17.24,10.49,3.48,2,0
124,26.78,11.11,8.7,2.59,3,0
163,20.81,9.64,8.11,3.38,1,0
59,25.81,17.84,12.01,3.21,1,0
126,41.63,18.67,9.49,2.62,4,0
149,23.87,23.1,8.47,3.0,1,0
153,31.5,17.68,9.27,4.08,1,0
196,22.63,17.55,9.97,2.78,1,0
40,37.54,22.58,9.58,1.73,0,0
115,30.6,16.9,9.77,3.35,1,0
137,35.09,10.88,8.75,2.38,2,0
89,36.57,16.78,7.29,2.86,1,0
97,38.27,23.76,10.52,2.38,0,1
151,28.93,15.94,5.38,1.16,0,0
122,36.79,21.22,8.37,3.43,1,0
116,36.62,17.41,12.53,3.4,3,0
189,38.66,14.96,9.27,1.7,2,0
35,25.38,20.59,7.84,2.4,2,0
105,47.82,25.63,9.13,2.35,0,1
129,17.24,21.17,7.09,1.92,1,0
153,27.12,23.42,7.95,2.73,1,1
96,31.13,12.53,15.76,3.05,1,0
59,30.5,19.76,7.91,3.97,0,0
83,37.64,19.7,5.51,2.65,3,0
104,44.78,20.02,4.59,3.51,0,0
72,23.77,11.75,9.95,1.49,0,0
121,36.65,16.4,6.48,2.73,5,0
95,9.89,17.18,9.47,2.81,0,0
24,40.05,9.85,8.34,4.37,0,0
148,36.75,15.78,13.5,2.7,2,0
80,21.73,15.44,8.88,4.29,2,0
82,22.1,15.75,8.04,2.24,0,0
136,45.87,19.45,11.59,2.73,1,1
47,19.18,20.73,8.04,3.56,2,0
21,38.25,20.76,9.95,2.89,0,0
129,30.14,18.0,10.81,2.51,3,0
68,37.33,11.99,9.26,2.92,2,0
105,31.77,21.79,15.06,2.4,1,0
139,40.22,14.44,9.55,3.0,1,1
80,33.58,17.59,7.36,3.05,1,0
58,30.28,20.12,11.88,2.27,0,0
148,44.69,12.71,6.32,2.19,1,0
89,35.68,21.23,10.09,2.35,1,0
98,27.68,15.73,9.88,1.62,2,0
144,22.66,21.72,10.29,3.13,0,0
75,53.48,14.43,12.83,1.54,2,1
107,22.75,15.34,5.05,2.4,0,0
111,18.77,11.67,8.53,2.08,2,0
131,30.11,16.49,11.4,1.4,1,0
93,40.32,18.11,8.67,2.89,1,0
127,23.82,18.99,11.61,1.03,1,0
117,31.37,29.89,9.71,2.35,1,0
81,28.61,23.03,10.01,1.81,4,0
117,28.41,15.09,11.22,3.81,2,1
124,25.69,15.93,11.49,1.43,1,0
81,31.21,12.97,9.55,3.29,3,0
152,33.51,11.06,3.51,2.0,3,0
70,38.54,19.39,3.29,4.75,2,1
92,45.15,15.36,9.5,2.32,1,0
139,34.6,17.03,9.63,3.62,1,1
115,58.7,17.29,9.79,3.19,1,1
66,43.33,20.67,8.59,1.46,2,0
124,32.05,15.47,9.82,1.65,1,0
109,36.98,19.86,7.38,2.43,4,0
185,26.2,10.09,11.63,3.48,2,0
85,24.58,11.9,7.44,2.94,1,0
160,36.86,17.62,10.29,1.51,1,0
91,27.59,19.88,12.48,2.48,0,0
127,31.14,10.78,11.85,3.02,1,0
75,18.99,20.17,11.41,3.54,1,0
69,33.34,20.13,8.2,3.21,0,0
183,14.71,24.24,8.12,2.35,2,0
85,34.24,19.5,11.36,3.24,1,0
118,23.87,15.9,9.36,2.13,0,0
64,30.62,10.84,10.68,2.03,0,0
93,29.94,16.97,11.88,2.3,2,0
32,39.25,15.93,6.93,1.7,0,0
112,31.52,16.27,6.48,2.7,2,0
23,19.23,14.35,11.83,1.86,1,1
24,45.15,17.75,8.21,3.0,2,1
73,23.31,17.92,8.61,3.0,1,0
85,17.34,22.97,6.67,2.89,1,0
105,17.24,13.52,11.66,3.29,1,0
39,15.86,16.97,9.28,1.76,0,0
43,30.12,12.12,14.13,3.43,4,0
95,29.78,20.77,3.41,2.03,1,0
16,35.62,14.69,4.23,2.38,1,0
94,30.11,16.49,6.6,1.59,1,0
147,37.38,17.72,15.86,2.19,3,0
87,24.4,19.0,7.89,3.02,0,0
145,38.11,26.77,8.23,4.35,1,1
147,42.76,19.9,9.6,2.81,3,0
74,21.08,22.28,12.07,3.16,2,0
60,35.33,10.5,13.12,1.54,0,0
147,34.9,14.17,10.83,2.11,1,0
22,27.27,18.54,8.68,3.38,1,0
86,16.98,22.4,11.46,2.65,2,0
121,25.62,16.77,7.61,2.48,1,0
87,39.92,11.98,9.19,2.57,1,0
104,47.33,6.89,7.34,2.65,1,0
56,20.67,14.05,10.98,2.4,1,0
92,25.69,16.56,10.76,2.7,1,0
167,28.29,20.67,10.31,2.67,1,0
83,18.34,11.93,11.41,2.84,0,0
205,29.89,13.18,8.13,2.11,2,0
42,33.41,20.51,6.44,1.08,0,0
123,40.15,23.28,10.22,2.73,2,1
114,23.31,13.23,11.14,3.11,2,0
113,7.63,11.41,7.58,3.59,1,0
131,33.34,15.77,11.25,1.4,2,0
147,46.58,19.7,12.76,1.67,0,1
72,24.02,11.47,10.24,3.02,2,0
119,30.06,19.1,9.21,2.03,1,0
64,27.64,12.95,2.59,3.83,1,0
127,29.41,20.89,13.5,1.3,0,0
139,27.46,16.4,7.57,3.02,0,0
63,22.59,5.7,7.22,2.67,3,0
40,41.23,19.8,6.93,2.59,0,0
104,32.15,15.15,8.97,3.0,1,0
95,28.49,14.96,11.29,3.62,2,0
32,45.34,19.75,9.58,4.4,1,0
121,28.97,21.63,9.88,4.08,0,0
115,22.44,16.79,7.91,0.0,3,0
75,51.87,15.98,10.59,2.3,0,1
166,46.63,4.5,11.07,2.94,0,0
61,31.88,12.46,10.16,1.73,4,1
127,40.05,20.13,10.85,2.08,1,0
190,25.65,22.83,8.1,3.97,1,0
106,46.65,16.88,7.24,1.62,1,0
92,10.64,15.35,9.98,2.81,1,1
125,28.78,13.26,9.49,3.13,2,0
95,28.14,24.33,8.95,3.11,1,1
102,19.52,6.96,13.69,3.24,0,0
131,18.62,28.23,11.64,1.78,1,0
90,32.93,13.11,13.46,3.43,1,0
181,39.08,12.27,11.81,3.83,2,0
54,22.83,13.22,4.59,3.97,3,0
74,38.28,18.28,10.88,2.46,2,0
118,34.88,15.71,7.92,1.89,0,0
50,52.21,24.6,7.87,2.16,0,0
50,42.99,15.12,7.13,2.3,3,0
34,32.93,10.79,9.95,2.38,0,0
112,17.19,18.22,8.08,2.78,2,0
114,28.83,5.01,8.07,2.0,1,0
102,33.27,17.77,9.05,2.24,1,1
134,30.26,13.07,10.65,3.16,1,0
128,21.28,17.46,11.45,5.1,0,0
122,46.04,18.73,7.65,3.19,4,0
91,22.75,13.5,8.53,2.84,1,0
37,33.92,17.64,3.78,2.19,2,0
124,26.83,17.27,7.59,2.7,3,1
64,38.86,21.12,7.52,2.43,3,0
145,41.09,11.54,12.49,3.54,0,0
95,33.49,16.18,9.54,4.35,0,0
50,51.46,20.44,8.73,3.67,3,0
99,43.59,18.23,10.52,2.13,3,1
82,24.46,16.57,4.93,3.0,1,0
113,31.25,15.59,10.58,3.13,0,0
89,16.63,17.61,9.65,1.59,0,0
87,28.59,19.1,7.63,3.48,1,0
95,41.99,10.68,10.19,2.84,3,0
128,36.72,13.06,10.22,3.43,1,0
73,43.32,12.19,6.93,4.05,2,0
60,21.27,21.15,9.51,3.02,3,0
140,27.29,20.44,10.51,3.05,1,0
150,24.87,17.23,10.56,3.54,1,0
86,26.72,16.69,10.2,2.27,3,0
59,26.38,20.0,7.62,2.35,1,0
103,25.6,14.37,9.95,2.81,8,1
106,35.8,21.18,8.61,3.35,2,1
176,42.65,14.57,6.69,2.59,2,0
68,25.3,20.95,5.84,3.27,3,0
121,32.42,15.6,9.94,2.65,3,0
41,35.68,10.36,11.42,2.59,1,0
156,29.63,15.86,11.62,3.48,3,0
89,19.62,17.84,12.64,4.29,3,0
95,37.43,15.75,9.23,1.11,0,1
100,32.62,17.08,12.24,4.91,1,0
105,41.89,21.78,7.61,1.03,0,0
87,9.86,5.74,8.37,3.11,0,0
135,44.85,21.36,9.0,2.27,5,1
69,31.5,18.62,10.96,1.49,0,0
70,10.12,21.86,9.37,3.0,0,0
126,38.88,14.34,10.06,3.19,1,0
79,37.79,12.43,12.4,2.4,3,0
159,28.46,12.22,6.3,2.78,0,1
123,23.8,13.06,2.25,3.38,2,0
65,36.64,13.76,5.77,2.38,2,0
123,20.94,16.15,7.66,3.48,4,1
134,35.5,11.3,6.15,3.0,2,0
144,47.35,20.46,5.4,3.13,1,1
99,29.6,8.42,9.52,2.08,2,0
101,20.21,19.41,8.1,2.21,2,0
43,41.12,11.0,11.92,1.59,1,0
170,44.18,20.83,6.05,2.27,3,0
108,32.86,13.15,7.87,2.54,3,0
135,33.51,22.05,6.06,3.94,2,0
78,25.99,21.81,7.81,1.43,2,0
124,25.55,21.75,6.15,3.38,2,0
156,40.41,15.43,8.36,2.08,1,0
90,10.42,16.52,6.44,3.08,1,0
101,26.25,18.46,8.34,3.75,1,0
121,19.72,12.76,11.11,3.24,1,0
114,29.24,23.49,8.72,2.73,1,0
100,24.23,16.63,5.49,2.11,2,0
142,37.49,20.36,11.44,1.59,2,0
160,27.98,22.34,5.57,4.1,1,0
147,22.2,17.69,9.21,4.21,3,0
151,37.06,9.72,12.11,3.35,0,1
131,29.77,14.61,5.9,1.97,1,0
142,32.49,12.72,10.25,2.65,0,0
132,16.92,10.97,5.63,2.62,0,0
59,25.53,15.78,9.56,3.27,1,0
104,27.91,13.21,7.6,2.89,1,0
78,18.62,24.32,11.14,1.32,1,0
121,28.51,7.96,10.86,3.62,3,1
107,16.37,15.27,7.48,2.78,1,0
102,39.75,18.84,6.61,3.46,0,0
65,32.64,11.86,8.43,1.49,2,0
64,16.52,15.83,8.5,2.81,2,0
108,33.75,22.76,15.97,2.54,0,1
71,33.64,15.43,12.66,1.81,3,0
148,26.98,13.64,9.82,2.67,1,0
107,33.05,21.06,11.04,3.02,2,0
134,36.86,8.69,7.83,2.32,0,0
94,30.91,17.2,11.07,2.48,4,0
165,26.52,23.47,7.92,2.51,1,0
33,27.52,12.85,8.59,2.3,1,0
101,35.56,13.57,8.17,2.57,0,0
114,26.28,20.54,7.2,3.4,3,0
135,25.79,10.12,8.1,2.84,0,0
99,24.94,23.29,14.46,2.4,3,0
90,23.83,18.18,5.4,1.92,1,0
140,20.45,20.43,9.74,2.08,4,1
169,24.23,19.67,5.9,2.7,2,0
81,22.12,16.66,6.27,3.08,0,0
82,33.61,10.85,6.39,3.65,1,0
78,38.27,16.93,7.9,3.94,0,0
116,48.96,21.74,10.5,3.62,0,1
123,33.59,6.8,5.44,4.21,2,0
125,38.23,12.22,8.95,2.16,0,0
104,28.49,18.63,9.72,3.16,4,0
100,41.92,12.02,8.54,3.51,1,0
141,21.57,15.3,6.34,2.16,1,0
73,26.79,16.86,16.42,2.46,1,0
49,45.27,17.66,9.23,3.78,2,1
105,37.15,16.72,6.8,2.67,2,0
94,23.38,17.27,6.75,3.62,0,0
109,23.29,18.45,8.19,2.7,2,0
123,29.27,13.82,11.26,2.35,1,0
107,44.29,8.7,5.84,2.65,1,0
106,15.05,27.61,3.6,2.21,3,0
46,33.86,14.88,9.48,2.75,3,0
87,31.37,14.62,8.25,3.7,3,0
108,49.81,13.65,6.48,2.7,2,0
148,41.09,14.09,7.23,3.05,1,0
113,13.82,18.75,10.61,2.4,0,0
36,34.41,19.61,9.09,2.75,3,0
80,33.39,12.78,7.93,2.51,0,0
78,14.79,16.46,9.26,2.97,0,0
163,38.08,19.85,13.23,2.38,1,0
217,21.03,21.12,12.13,3.59,0,0
113,20.77,11.19,7.63,2.78,5,1
64,16.05,11.58,6.63,1.22,0,0
98,40.15,16.1,6.91,3.59,0,0
107,33.81,17.6,7.19,3.4,3,0
74,34.65,17.43,6.97,2.43,1,0
45,24.21,27.09,10.08,3.0,1,0
103,27.9,18.62,9.91,3.32,0,0
172,48.81,15.16,6.89,3.89,3,1
96,25.5,13.55,10.26,2.3,1,0
98,28.88,11.76,6.42,2.3,1,0
36,24.87,13.81,5.82,3.92,0,0
62,29.38,17.41,10.84,2.46,2,0
122,50.39,18.26,6.03,3.08,4,1
124,27.35,12.26,5.42,3.48,1,0
168,16.56,17.31,7.83,3.08,2,0
106,31.81,21.27,6.52,2.97,1,0
89,36.21,15.01,11.82,2.46,1,1
65,23.14,23.2,9.91,1.19,1,0
155,41.46,11.31,9.62,3.62,2,0
111,16.88,22.99,10.14,2.43,3,0
146,27.22,17.71,7.99,2.48,2,0
93,23.48,14.22,10.75,1.84,2,0
127,24.34,14.44,9.97,3.13,1,0
9,36.4,14.38,8.54,2.73,1,0
12,34.78,18.06,8.19,2.65,2,0
112,29.67,22.04,7.67,3.05,1,0
123,21.34,10.96,11.34,1.7,4,1
38,19.62,14.13,8.31,4.1,2,0
158,34.88,20.45,3.59,3.89,0,0
125,36.09,18.31,8.41,3.05,2,0
90,24.74,18.5,6.61,2.94,3,0
50,22.29,13.64,9.31,1.51,5,1
90,19.45,10.85,11.39,2.73,2,0
94,46.1,17.22,9.97,3.11,3,1
139,30.87,28.53,6.74,2.24,4,0
129,35.19,13.17,11.03,3.62,3,0
129,20.33,23.69,11.85,1.59,2,0
95,23.26,17.07,6.02,2.78,5,1
70,21.4,16.69,11.37,2.78,1,0
126,29.82,8.36,9.09,2.86,0,0
50,50.2,10.83,7.51,2.59,1,0
57,28.83,19.95,12.84,3.02,0,0
122,30.6,12.33,10.52,3.11,2,0
58,29.65,22.59,8.21,0.0,4,0
202,19.62,15.19,8.36,1.62,3,0
110,25.47,15.3,6.3,3.16,2,0
217,29.99,13.5,13.8,2.51,4,0
72,23.78,19.01,10.84,3.43,2,0
96,33.61,21.29,8.15,2.84,3,0
115,18.65,19.02,10.81,4.16,3,0
65,35.92,13.82,6.06,3.56,3,0
64,36.87,17.94,8.09,3.08,3,0
171,31.77,20.4,9.04,1.57,1,0
59,20.55,18.11,7.34,2.3,2,0
104,22.19,11.15,11.91,3.51,0,0
225,31.06,20.95,9.81,2.38,1,0
104,39.81,24.91,8.28,2.65,0,1
38,33.05,15.87,10.05,2.92,3,0
95,27.2,18.3,8.5,2.46,0,0
158,29.31,21.81,10.59,0.0,2,0
22,33.85,18.85,2.96,1.13,1,0
140,22.03,20.93,7.74,2.54,3,0
136,31.18,12.06,9.02,2.81,2,0
116,39.2,19.05,10.98,3.0,0,0
142,39.22,21.83,11.88,1.73,1,0
119,27.42,21.28,6.41,1.78,1,0
103,44.78,15.22,9.66,2.78,0,0
88,34.37,18.43,10.77,3.19,2,0
155,31.38,16.66,10.19,2.11,1,0
117,20.13,21.19,10.22,3.67,5,1
131,19.18,16.95,6.42,2.73,0,0
153,20.83,23.23,8.9,2.16,2,0
124,32.81,7.63,7.78,4.13,1,0
53,28.44,16.55,10.65,3.24,2,0
32,26.84,15.37,5.96,3.46,1,0
139,34.54,12.96,8.9,2.62,2,0
96,42.09,21.79,7.14,2.92,2,0
129,36.72,15.89,9.48,1.32,2,0
103,31.52,16.8,6.62,3.92,2,0
160,39.93,23.02,9.87,3.75,1,1
117,28.7,20.52,9.22,4.19,0,0
101,20.16,16.97,2.4,3.11,1,0
141,19.87,23.5,13.05,3.32,0,0
62,37.13,20.12,8.65,3.56,0,1
37,25.45,17.94,5.14,2.48,1,0
53,24.77,18.74,11.25,3.54,3,0
90,34.15,13.97,11.21,2.4,1,0
130,44.83,15.85,8.79,4.94,1,1
19,40.41,17.6,8.2,1.22,0,0
116,29.84,17.9,13.27,1.86,1,0
143,29.29,14.79,8.47,3.51,2,0
55,17.9,16.78,8.44,2.32,2,0
193,21.08,17.25,9.23,3.32,1,0
139,37.62,13.41,8.66,3.05,1,0
73,27.22,18.13,7.83,3.51,0,0
32,28.02,19.54,7.53,4.0,2,0
101,43.74,15.71,4.9,3.65,0,0
115,32.69,7.54,10.32,2.84,2,0
104,34.03,10.09,10.65,1.62,2,0
87,26.66,18.34,10.05,2.05,1,0
48,32.37,26.99,6.0,2.24,2,0
147,41.38,23.27,12.73,3.81,2,0
201,32.64,20.32,5.22,4.08,1,0
85,31.18,14.35,8.99,2.67,4,0
78,12.75,21.14,7.92,2.57,3,0
170,33.92,11.48,8.31,2.94,4,1
51,23.09,17.05,8.66,3.32,2,0
98,21.47,14.18,8.45,2.54,3,0
91,26.25,14.31,10.8,3.16,5,1
106,39.98,18.75,10.63,3.19,1,0
76,40.97,19.7,9.91,2.67,1,1
83,44.15,12.98,10.11,2.75,0,0
74,33.08,10.19,7.9,3.54,2,0
134,42.02,19.17,8.38,1.65,2,1
137,36.7,12.36,8.41,3.27,1,0
133,40.78,21.57,5.79,1.81,5,0
141,25.45,13.81,9.91,2.05,3,0
86,14.25,20.42,7.14,1.81,1,0
162,19.57,16.73,9.56,3.08,2,0
77,28.8,15.72,10.54,0.54,1,0
67,18.55,18.48,8.48,3.46,0,0
68,38.54,14.31,8.49,2.75,0,0
138,39.12,18.02,7.87,3.56,1,0
46,42.55,22.15,8.78,3.59,2,1
135,29.48,18.87,2.89,3.7,1,0
81,55.2,20.09,8.44,3.54,0,1
107,39.8,13.86,12.71,2.7,1,0
120,34.56,22.09,5.22,2.11,3,0
10,37.77,13.01,10.23,3.48,1,0
119,20.03,21.83,6.64,2.05,3,0
136,34.66,15.95,4.58,2.84,3,0
160,14.59,14.05,8.03,2.48,3,0
91,46.41,18.32,4.71,2.59,1,0
44,37.71,13.74,10.25,3.78,0,0
86,21.1,17.22,13.03,1.81,3,0
77,37.71,14.11,9.46,3.56,1,0
69,26.13,16.49,11.52,3.81,1,0
119,16.8,12.49,8.58,2.7,3,0
65,47.99,12.92,10.15,3.24,1,0
78,47.8,15.15,10.99,1.73,2,0
84,38.57,17.14,5.86,3.56,2,0
151,20.21,23.66,8.77,3.56,2,0
90,19.24,16.09,12.23,3.81,3,0
157,38.17,17.06,5.25,3.11,2,0
137,41.16,16.24,9.84,3.97,3,0
77,35.89,19.0,6.68,2.62,2,0
70,39.46,24.85,9.05,0.0,3,0
115,42.48,20.61,6.83,4.13,1,1
93,28.63,23.46,8.83,3.08,1,0
131,28.31,17.87,11.57,2.67,1,0
93,40.77,21.4,7.59,2.94,1,0
110,12.67,17.07,8.65,2.65,3,0
36,25.98,20.64,6.63,2.46,1,0
57,46.36,19.12,8.02,2.84,2,1
105,19.64,22.72,5.14,3.59,3,0
178,29.82,16.15,6.24,2.84,2,0
139,46.17,13.26,6.13,3.13,2,0
48,51.07,11.32,8.88,1.94,2,0
42,41.0,9.9,6.85,2.86,0,0
62,20.52,26.11,9.14,3.54,4,0
110,25.81,11.73,10.51,3.02,3,0
84,30.86,11.11,8.39,2.3,1,0
75,35.6,17.98,13.1,1.94,1,0
117,48.86,22.07,6.89,2.7,1,1
90,41.89,13.63,7.69,2.05,1,0
120,23.34,18.04,6.87,2.84,1,0
146,34.92,11.47,13.97,2.78,3,0
130,31.11,6.2,8.18,2.57,0,0
75,19.98,17.58,8.75,1.13,3,0
86,33.01,16.47,8.64,2.51,3,0
109,37.83,14.42,11.89,2.43,2,0
53,22.3,19.33,8.05,3.46,2,0
119,39.17,19.13,8.93,2.05,3,0
134,44.0,11.01,8.71,2.94,2,0
122,25.13,12.53,9.16,3.78,1,0
73,31.18,20.57,9.06,2.03,4,0
143,27.27,24.3,8.21,1.86,3,0
65,35.31,18.49,5.65,2.16,1,0
215,14.21,10.28,10.2,2.89,0,0
131,33.49,17.09,6.8,3.13,1,0
94,23.7,13.52,5.77,2.08,0,0
100,38.2,24.99,13.05,2.65,0,0
68,40.72,17.32,7.55,2.67,0,0
120,21.78,21.05,8.99,4.21,0,0
41,38.05,20.81,10.07,3.32,3,0
71,24.0,12.67,7.71,1.89,2,0
96,25.5,18.57,9.56,2.65,3,0
57,25.38,17.02,10.43,3.21,2,0
109,39.19,22.59,12.14,2.86,5,0
108,19.04,16.46,9.4,1.11,4,1
66,28.44,19.55,8.63,2.86,1,1
151,29.8,12.27,7.21,3.19,0,0
62,47.77,13.65,3.51,0.0,1,0
48,33.61,11.62,11.0,3.56,4,0
93,25.91,23.34,11.35,1.78,3,0
41,27.08,10.7,11.79,3.0,1,0
174,21.13,23.55,11.28,4.19,3,0
61,44.2,17.89,10.56,2.43,1,1
101,34.02,16.06,9.23,4.19,0,0
45,15.59,12.8,2.85,2.08,1,0
91,15.9,15.59,10.83,2.67,0,0
118,32.1,18.48,9.9,2.21,4,0
106,26.96,18.7,11.38,2.46,0,0
141,54.81,24.07,9.43,1.81,1,1
103,27.23,11.81,14.06,2.62,0,0
97,48.13,15.76,14.08,1.65,1,0
37,32.49,10.98,9.34,3.48,0,0
144,29.72,18.67,11.51,3.46,0,0
111,41.91,18.39,8.08,3.43,2,0
121,14.64,22.08,6.66,2.46,2,0
107,33.07,15.84,8.02,3.43,2,0
140,27.64,17.53,6.37,2.21,1,0
126,20.81,12.22,7.07,3.11,1,0
99,24.75,19.63,8.17,3.08,1,0
119,21.13,17.6,7.08,4.0,0,0
161,32.23,22.73,8.3,0.35,1,0
149,20.26,14.31,9.21,3.29,4,1
116,28.53,12.07,8.58,1.97,2,0
62,27.18,14.64,11.84,1.51,1,0
125,18.04,13.4,8.66,2.19,1,0
57,30.06,16.58,9.61,2.24,0,0
133,31.79,12.02,10.72,2.7,2,0
81,29.84,21.19,12.16,2.75,1,0
80,40.22,16.79,9.43,2.57,2,0
190,19.02,18.96,10.94,2.7,3,0
43,27.12,10.17,7.83,1.84,2,0
113,34.85,12.92,7.14,2.75,2,0
56,23.32,14.1,8.2,3.86,1,0
78,28.61,18.8,10.85,3.38,1,0
64,36.3,14.16,5.49,3.81,3,0
145,36.72,19.13,10.56,2.89,2,0
112,38.28,21.83,11.24,3.11,4,0
95,44.57,14.04,8.74,2.86,0,0
24,28.03,17.79,10.4,1.81,1,0
135,24.5,21.23,9.51,3.67,1,0
86,25.64,25.15,11.12,3.38,1,0
25,30.4,12.0,9.14,2.27,2,0
95,21.86,18.38,11.49,1.7,6,1
126,33.59,20.95,12.84,3.38,2,0
118,43.57,21.94,9.7,3.16,1,0
83,13.28,20.34,6.5,3.32,1,0
48,21.79,4.09,5.23,2.4,0,0
86,20.91,11.38,6.22,3.59,1,0
137,41.38,10.3,7.32,3.29,0,0
109,32.91,12.64,12.71,3.54,2,0
60,42.96,18.79,4.95,3.35,2,0
210,17.78,12.71,11.48,1.76,2,0
81,33.73,17.93,8.7,2.81,2,0
120,37.62,22.75,5.02,2.51,0,0
183,32.3,20.96,13.69,2.57,1,0
132,32.62,17.59,12.24,3.4,1,0
120,33.8,19.56,5.39,2.67,2,0
144,37.38,18.88,5.33,2.7,1,0
88,32.4,20.17,9.52,2.65,2,0
79,17.63,20.09,11.55,4.0,2,0
63,25.76,12.56,9.47,2.7,1,0
190,28.8,21.55,8.87,2.4,1,0
89,32.66,13.91,7.64,1.65,0,0
160,43.52,15.93,5.36,3.11,3,0
152,24.96,24.28,9.61,1.16,1,1
126,26.08,12.87,6.92,3.46,4,1
145,22.0,15.76,9.21,0.3,2,0
85,35.96,15.69,7.39,3.59,2,0
105,24.99,16.77,12.03,2.35,2,0
197,21.64,18.9,7.83,3.7,5,1
134,35.41,21.56,13.1,3.4,1,0
130,21.59,17.59,10.43,1.65,0,0
87,40.46,13.98,12.71,2.86,2,0
98,36.92,25.79,8.87,3.35,0,1
74,21.39,17.65,9.33,3.81,1,1
123,33.78,21.17,7.79,3.38,1,0
143,33.03,10.51,10.33,2.75,2,0
149,29.82,16.78,8.47,2.62,2,0
56,33.49,18.94,10.14,2.86,2,0
122,24.04,12.44,5.54,2.19,0,0
154,38.08,16.32,7.34,2.59,0,0
98,18.75,15.5,8.27,2.97,2,0
129,25.5,19.75,11.75,3.38,1,0
74,34.07,26.28,6.84,2.7,1,0
108,28.07,22.7,11.28,2.94,1,0
111,22.54,18.79,5.76,3.43,4,1
85,39.03,11.25,9.54,2.57,2,0
118,31.86,15.11,10.5,3.29,1,0
85,43.4,16.54,12.45,1.0,3,0
116,8.69,17.73,8.91,3.32,1,0
152,17.2,12.04,8.93,2.03,2,0
82,24.43,14.51,12.95,2.11,1,0
54,19.99,13.53,10.64,3.05,2,0
64,25.18,14.02,9.72,3.32,5,1
24,26.55,7.65,9.23,1.97,1,0
36,25.4,11.2,5.97,1.81,0,0
28,31.93,21.13,9.4,2.86,0,0
47,26.4,16.0,11.12,3.32,3,0
92,34.22,17.31,5.85,1.73,1,1
116,20.06,14.21,9.26,3.19,2,0
89,27.8,23.36,17.19,2.03,2,0
92,33.41,16.15,7.34,2.92,2,0
68,40.31,19.0,4.38,3.56,1,0
83,13.35,17.89,8.09,3.19,1,0
111,43.5,17.35,7.71,3.32,3,0
171,37.94,15.57,6.79,2.75,3,0
103,30.63,8.3,8.18,2.27,1,0
134,36.45,17.99,7.43,2.7,1,0
116,39.59,12.93,15.49,2.89,1,0
143,40.66,20.02,7.03,2.57,1,0
92,24.07,17.67,9.16,2.75,0,0
73,31.93,12.68,9.06,2.97,2,0
42,26.42,13.95,7.1,2.43,0,0
126,38.45,11.93,9.4,1.73,0,0
75,29.89,18.49,10.69,1.43,5,0
141,36.91,20.53,11.41,3.24,0,0
99,21.9,17.33,12.72,3.81,2,0
88,23.51,20.06,8.06,2.59,3,0
52,28.78,19.2,7.74,2.21,0,0
53,31.42,18.39,6.35,4.97,2,0
105,32.93,15.57,13.22,2.92,1,0
157,25.96,21.89,8.91,2.54,1,0
163,37.91,19.3,8.47,2.38,1,0
140,21.3,14.25,11.73,2.27,1,0
95,33.73,20.05,14.65,2.73,0,0
105,35.05,21.79,5.27,2.43,1,0
133,34.29,14.4,12.88,1.62,0,0
93,30.48,15.18,10.13,3.11,3,0
149,30.75,16.57,8.9,2.38,3,0
115,41.65,21.31,12.16,3.7,1,1
155,21.85,16.01,11.45,1.84,1,0
72,33.73,18.44,5.08,3.54,0,0
105,42.77,14.88,8.3,1.46,1,0
167,28.76,14.73,9.74,3.35,4,1
67,36.64,16.21,9.65,2.32,1,0
110,3.21,21.96,4.93,4.0,1,0
80,34.41,22.12,7.98,2.48,3,0
54,32.39,22.07,6.37,2.62,2,1
113,21.28,17.54,5.82,2.24,0,0
106,36.36,12.91,11.7,3.29,3,0
153,28.51,20.98,9.18,2.03,1,0
83,16.1,13.12,9.02,2.86,2,0
49,36.45,19.99,9.28,2.16,3,0
50,26.3,25.33,9.46,3.0,0,0
103,18.79,17.71,3.93,3.75,4,1
167,35.29,11.25,11.48,3.81,0,0
68,42.48,21.63,12.29,2.4,2,1
81,28.54,16.21,8.69,2.48,4,1
138,42.67,7.75,6.4,3.73,3,0
129,23.72,24.59,5.82,3.54,0,0
113,36.65,16.44,4.74,3.65,1,0
159,19.52,16.37,11.66,3.29,0,0
58,38.1,20.3,7.84,3.11,2,0
82,34.05,17.1,9.27,1.92,4,0
90,12.1,15.44,8.41,3.48,1,0
92,41.33,18.17,10.29,3.27,2,0
112,31.14,21.49,7.05,2.62,0,0
138,33.03,16.14,10.45,2.43,5,0
72,23.61,17.99,8.08,2.92,1,0
125,24.34,7.49,10.49,2.38,4,1
127,0.44,21.59,10.92,2.48,3,0
77,41.68,21.6,10.77,2.03,0,1
101,31.26,21.75,12.38,2.92,1,0
6,31.21,21.82,8.04,2.75,1,0
172,28.87,15.56,17.77,3.43,2,0
146,22.61,22.34,9.64,3.02,1,0
112,28.53,21.07,6.98,3.21,0,0
137,35.5,19.15,9.97,3.0,0,0
136,15.71,18.62,9.57,3.48,2,0
71,49.37,21.58,11.85,2.73,3,1
92,35.36,16.91,3.44,2.32,0,0
38,25.33,4.18,7.35,3.75,0,0
112,27.52,17.08,6.03,2.89,1,0
68,20.89,19.85,8.98,2.59,2,0
134,24.29,7.53,13.05,2.92,1,0
1,24.92,14.69,7.82,2.7,1,0
132,29.87,15.91,10.15,2.32,2,0
131,18.85,9.83,8.57,4.27,1,0
112,32.86,22.45,5.79,2.46,4,0
153,33.22,13.14,6.43,3.13,1,0
74,29.6,21.34,11.59,2.24,2,1
44,34.78,17.44,7.41,2.89,0,0
68,37.76,16.95,7.31,2.54,2,0
161,40.87,17.15,9.27,4.35,0,0
75,24.34,17.77,7.79,3.21,1,0
121,18.7,12.03,10.68,1.73,2,0
112,28.99,16.42,8.46,3.02,0,0
67,44.27,17.7,9.36,2.7,6,0
142,24.72,17.77,9.63,2.94,1,0
79,28.54,20.71,9.54,2.46,1,0
99,34.0,9.17,10.52,3.08,3,0
121,30.86,18.56,7.27,2.3,1,0
97,37.06,15.64,10.82,1.73,3,0
55,29.85,13.75,13.03,2.51,0,0
75,36.4,17.08,11.11,2.48,0,0
80,32.35,21.81,9.67,1.03,1,0
81,19.6,19.1,6.86,4.86,1,0
148,34.51,12.83,11.05,3.94,1,0
122,24.89,7.62,9.9,4.21,2,0
162,36.99,23.72,11.28,2.81,2,1
7,35.14,23.89,7.13,2.97,3,0
136,43.66,19.56,6.46,2.46,3,0
57,19.55,10.4,11.03,1.73,0,1
91,29.8,22.3,6.48,1.51,1,0
146,32.18,13.25,8.37,2.0,0,0
82,28.41,11.2,8.43,2.54,6,1
153,26.28,22.36,16.55,4.19,1,0
63,33.83,24.76,8.89,2.97,1,0
72,16.42,26.81,7.35,1.67,4,1
101,44.57,13.35,5.81,1.97,1,0
164,20.96,14.45,7.47,3.43,1,0
96,24.48,19.1,10.25,2.7,1,0
146,25.38,15.9,6.74,2.13,7,1
118,32.18,19.85,12.19,2.7,2,0
78,18.46,17.84,10.02,2.13,1,1
124,41.58,16.05,9.27,3.05,1,0
108,35.82,20.29,11.41,2.48,3,0
88,13.65,13.03,13.91,3.46,2,0
109,37.77,18.57,11.97,2.94,1,0
84,15.25,11.78,7.46,2.89,1,0
180,24.36,15.34,8.29,2.73,1,0
104,20.15,15.11,11.51,3.27,1,0
123,41.17,19.22,12.09,2.21,5,1
48,35.84,16.12,7.09,4.43,2,0
86,21.34,22.93,10.61,2.4,1,0
72,48.86,20.0,13.14,1.35,4,1
172,36.67,12.44,11.91,1.92,3,0
123,41.65,22.53,10.79,4.02,2,0
44,40.85,13.99,10.83,2.86,1,0
85,40.27,16.8,13.91,3.08,2,1
152,27.44,13.91,6.89,3.19,1,0
47,33.42,20.52,10.17,3.48,2,0
105,28.24,14.95,10.96,4.37,2,0
50,22.39,18.4,8.82,2.97,1,0
99,21.56,24.96,7.83,2.27,0,0
99,32.37,13.44,12.22,3.02,2,0
28,30.74,24.55,8.64,3.81,2,0
120,22.39,13.86,9.05,2.89,1,0
71,24.04,13.86,9.9,1.51,2,0
131,26.08,16.87,7.4,2.81,0,0
97,29.94,13.55,12.11,3.27,0,0
193,29.05,11.25,5.08,3.13,1,0
48,29.24,17.02,10.49,2.16,1,0
81,35.77,19.17,7.59,2.62,0,0
91,32.39,17.47,5.88,3.73,0,0
78,23.92,16.59,11.38,3.16,0,0
85,16.44,16.47,7.73,2.62,2,0
84,50.9,5.26,8.86,1.78,2,0
90,12.94,24.68,10.66,2.92,0,0
76,46.46,22.41,7.43,3.24,1,1
79,26.67,10.39,8.51,3.05,3,0
149,25.13,23.53,6.75,2.75,0,0
120,36.16,21.89,10.25,2.62,2,0
166,33.93,18.22,8.86,1.94,3,0
158,34.34,13.9,8.79,2.81,1,0
107,35.17,22.3,6.72,2.89,0,0
85,48.14,20.37,6.73,1.7,5,0
100,12.04,18.33,10.39,2.57,6,1
38,23.43,24.34,7.52,3.81,2,0
60,34.54,20.04,10.12,4.08,2,0
112,19.02,9.69,6.61,3.81,5,1
127,18.34,15.9,9.83,0.0,0,0
119,25.02,13.61,8.28,2.08,0,1
123,26.23,15.56,2.43,2.94,0,0
70,26.59,14.54,8.82,2.32,2,0
43,14.31,6.87,8.82,2.92,1,0
148,25.19,13.57,8.88,2.32,2,0
100,36.7,21.92,8.11,3.13,1,0
141,31.47,19.81,6.85,2.46,0,0
123,37.18,13.89,7.82,4.05,0,0
87,31.59,16.35,9.0,1.78,1,0
39,10.27,26.03,5.58,3.35,1,0
78,35.51,21.45,12.61,3.46,0,0
155,44.61,16.54,6.59,2.24,2,0
55,22.44,23.77,8.1,3.65,0,0
116,27.59,23.74,8.67,3.16,3,1
126,32.45,12.72,8.61,3.51,1,0
33,31.76,22.19,14.3,4.05,0,0
93,38.37,10.17,8.69,3.78,1,1
98,28.56,13.87,7.77,2.16,6,1
27,38.47,23.32,10.92,2.21,2,1
129,56.83,16.33,8.59,2.81,0,1
100,27.25,18.81,6.77,3.02,0,0
194,8.23,23.89,9.83,4.91,1,0
174,40.66,16.02,4.75,2.38,1,0
69,45.7,20.96,12.24,4.43,0,0
94,41.65,15.33,11.83,2.62,1,0
174,32.35,21.48,9.93,1.94,2,0
100,19.7,9.46,7.66,1.92,1,0
64,26.18,19.19,11.94,0.95,1,0
59,26.11,17.47,5.15,3.38,1,0
44,52.46,12.82,8.94,1.97,4,1
97,24.43,23.21,8.02,2.94,0,0
103,18.31,16.06,8.83,2.4,0,0
130,30.07,7.71,10.71,2.57,1,0
122,33.22,22.8,7.56,2.27,3,0
52,24.16,16.41,11.4,2.97,1,0
70,22.9,20.05,11.71,2.05,3,0
60,32.61,22.76,9.02,3.46,2,0
119,26.18,23.63,10.28,3.19,2,0
118,26.28,15.66,9.78,3.4,2,0
50,26.71,18.98,8.16,1.65,1,0
83,27.08,17.2,10.31,2.57,2,0
71,29.87,22.01,12.08,3.81,1,0
118,50.13,14.08,8.51,2.65,3,0
172,45.9,21.81,7.58,3.24,2,1
65,27.0,16.02,8.52,2.65,2,0
84,47.6,17.19,7.06,2.81,0,1
95,33.08,19.79,7.8,1.03,3,0
121,41.65,18.44,5.06,2.03,0,0
37,40.78,22.24,9.32,2.4,2,1
104,23.75,17.22,9.16,3.05,2,0
84,24.96,14.59,10.55,2.67,1,0
87,54.83,17.39,8.38,2.54,2,1
75,34.1,13.95,7.63,0.68,1,0
135,21.71,18.28,10.54,1.57,2,0
110,31.47,14.03,5.02,1.7,3,0
67,52.77,5.65,11.09,2.48,4,0
172,36.04,2.65,13.2,3.4,3,0
101,43.04,20.22,6.94,2.62,4,0
89,19.14,22.24,5.56,3.0,0,1
107,14.76,9.19,9.19,3.56,1,0
104,44.88,11.24,8.0,2.86,3,0
66,29.7,19.73,13.74,2.4,1,0
124,42.74,19.13,11.34,2.03,1,0
85,21.44,23.35,8.3,2.65,1,0
59,18.33,18.41,9.79,2.67,2,0
68,27.12,20.47,9.46,3.08,1,0
96,28.99,23.59,7.31,3.29,1,0
127,16.32,15.05,7.3,2.62,3,0
88,10.52,22.32,9.56,2.38,3,0
144,30.18,24.43,8.12,3.21,2,0
186,23.43,15.95,6.59,2.35,1,0
104,38.4,13.84,12.24,2.73,1,0
96,31.16,17.12,7.98,2.81,3,0
66,39.0,21.88,10.42,2.16,2,0
98,18.89,18.52,11.16,1.78,2,0
90,44.51,18.75,6.15,2.59,1,0
94,36.06,16.1,15.85,2.27,3,0
121,36.02,18.28,10.73,2.54,0,0
158,29.9,16.01,8.47,2.97,1,0
61,21.79,14.59,11.29,3.16,3,0
129,32.78,15.05,9.74,4.43,1,0
119,36.92,11.79,6.27,3.05,0,0
80,54.79,18.87,7.33,1.81,0,1
90,30.46,17.91,12.46,2.48,2,0
131,26.62,6.04,11.78,3.62,1,0
86,33.64,14.08,9.36,2.73,0,0
95,34.58,14.33,7.79,3.7,2,0
109,29.85,20.23,8.93,2.75,1,0
102,22.02,30.11,6.55,2.94,1,0
37,46.19,13.18,8.98,1.78,3,0
87,32.22,17.42,9.98,3.62,1,0
70,21.47,12.04,11.52,2.59,0,0
90,34.97,13.76,12.14,3.38,2,0
52,22.66,15.65,12.28,3.65,1,0
83,38.49,19.95,6.01,2.92,1,0
8,41.29,14.53,7.98,1.3,1,0
47,27.8,17.26,10.44,2.11,2,0
94,14.6,19.27,12.58,4.21,0,0
67,29.19,9.38,8.79,3.21,2,0
95,27.25,17.2,8.6,2.0,0,0
52,21.23,25.54,8.66,3.13,2,0
43,4.59,13.68,12.58,2.89,3,0
85,29.43,21.01,7.14,3.11,1,0
103,10.68,14.48,12.61,2.54,3,0
63,35.9,20.2,11.66,3.32,0,0
126,17.63,10.8,14.82,3.89,0,0
98,31.82,16.63,8.18,1.38,1,0
70,17.8,6.99,7.62,4.27,3,0
76,41.96,17.54,9.38,3.56,0,1
55,32.62,21.77,9.17,3.86,1,1
93,30.52,16.31,7.45,3.24,0,0
46,23.7,19.01,7.79,3.67,1,0
132,26.28,20.88,6.69,2.46,1,0
159,28.87,16.8,8.72,3.13,1,0
92,41.17,13.57,9.45,2.4,1,0
162,22.98,20.57,11.11,2.75,2,0
95,26.84,22.07,10.35,3.78,0,0
149,44.95,18.67,9.02,3.05,2,0
73,32.67,14.33,6.29,2.54,1,0
74,53.4,18.9,11.66,3.32,3,1
95,22.95,15.61,11.04,3.38,1,0
102,29.67,20.13,12.17,2.3,0,0
123,44.35,14.32,8.02,3.59,3,0
184,34.05,21.56,6.72,2.75,0,0
134,50.32,19.24,11.11,3.32,0,1
2,22.46,11.81,8.67,2.46,2,1
76,30.46,18.95,8.47,3.35,0,0
73,48.69,15.15,9.64,2.89,1,1
102,39.92,16.93,7.34,2.7,4,0
158,26.86,24.86,10.85,2.46,1,0
79,24.48,11.54,9.56,3.51,1,0
121,35.34,17.89,4.93,2.08,2,0
99,34.12,22.46,7.77,2.46,1,0
89,15.22,15.24,10.13,3.32,3,0
149,35.14,14.84,10.87,2.94,1,0
113,41.7,22.09,9.19,2.89,3,1
135,31.62,5.61,9.59,3.48,1,0
29,39.95,15.58,6.29,1.54,2,0
19,44.1,22.92,7.89,2.57,1,1
80,37.4,17.65,7.58,3.27,2,0
119,23.51,14.49,11.88,3.65,3,0
146,30.72,14.76,10.42,2.73,2,0
147,31.25,14.0,5.0,2.73,1,0
86,27.61,14.2,5.8,3.08,2,1
120,21.85,13.91,10.93,0.0,1,0
99,28.76,23.08,7.66,2.86,0,0
41,36.35,12.05,6.4,1.94,0,0
20,32.3,21.95,8.17,1.7,0,0
66,31.93,11.03,5.95,3.24,2,0
64,21.1,16.39,7.33,1.73,3,0
44,48.98,21.93,8.66,2.75,3,1
127,22.05,13.67,11.93,3.29,2,0
175,22.44,19.65,14.1,2.35,1,0
111,48.35,13.35,10.93,2.27,0,1
48,40.8,11.99,5.8,1.92,1,0
109,30.6,19.47,6.27,2.11,3,0
65,17.97,12.05,8.12,1.78,2,0
113,46.26,22.82,9.62,2.3,1,1
128,38.74,25.72,8.62,1.49,1,1
143,24.11,14.22,8.01,2.11,1,0
71,31.64,16.88,9.29,3.73,4,1
72,24.99,13.8,7.33,2.84,1,0
119,24.24,17.7,7.69,3.24,3,0
103,20.57,22.98,7.22,2.08,2,0
63,26.1,24.42,10.36,1.76,2,0
128,25.11,24.08,8.47,1.86,2,0
141,41.28,19.9,9.52,1.62,5,0
127,24.34,15.26,7.73,1.67,4,1
157,31.47,18.11,8.82,2.3,2,0
83,38.74,17.64,9.53,3.27,1,0
89,35.17,14.25,7.01,2.94,0,0
70,36.28,17.4,11.55,1.54,1,0
123,28.37,18.85,10.98,3.46,3,0
147,26.37,20.37,9.4,2.86,0,0
148,47.48,17.14,12.64,2.13,2,1
110,45.54,22.38,8.01,2.24,1,1
106,30.33,21.0,11.7,2.59,0,0
81,28.25,18.5,9.91,3.56,4,0
28,20.69,10.69,11.77,2.24,6,1
102,31.76,14.76,11.29,2.62,2,0
161,25.77,18.65,10.11,1.08,1,0
96,30.7,16.23,13.3,2.78,1,1
107,22.78,14.83,14.0,1.97,3,0
78,25.45,15.49,11.77,2.62,0,0
30,9.18,15.24,11.12,2.75,1,0
108,31.86,16.99,9.72,3.4,1,0
185,32.27,13.88,11.92,2.03,1,0
124,28.46,19.82,4.93,2.78,0,0
76,24.43,14.71,10.76,1.57,1,0
64,24.94,12.61,10.74,3.38,3,0
59,27.35,21.35,12.3,1.35,3,0
180,24.4,16.09,7.87,2.38,3,0
119,44.22,21.8,10.31,2.7,1,1
124,31.42,14.88,7.12,2.84,1,0
150,35.68,13.43,6.39,1.78,0,0
33,26.76,10.02,12.56,3.75,4,1
153,38.91,13.66,9.14,3.38,0,0
88,31.2,14.49,8.72,2.24,3,0
67,41.72,12.6,12.33,2.03,1,0
119,27.05,19.66,6.44,2.38,5,1
108,29.17,11.57,8.25,2.92,0,0
67,27.49,17.65,9.26,2.48,0,0
62,42.28,18.7,11.96,3.56,1,1
104,23.58,21.84,10.57,2.7,0,0
94,26.84,13.18,8.53,2.16,4,1
56,43.04,15.98,6.39,1.19,1,0
44,38.78,23.5,12.59,2.67,2,1
55,45.83,14.59,9.86,2.21,1,0
67,30.79,18.35,9.73,4.56,0,1
55,28.15,11.57,7.91,2.97,3,0
109,18.9,22.4,10.11,2.43,6,1
66,24.89,16.7,10.35,2.11,1,0
138,28.99,10.05,8.46,3.02,2,0
160,20.71,7.59,6.78,2.78,1,0
72,46.31,9.17,8.35,3.43,0,0
87,40.32,18.92,7.8,2.97,1,0
123,36.09,21.38,9.39,1.78,3,0
78,35.75,16.34,11.07,2.92,6,0
104,31.09,20.37,10.34,1.49,2,0
56,37.86,23.55,4.58,3.67,4,0
84,28.1,19.0,11.74,2.05,3,0
156,25.59,13.0,9.72,0.95,1,0
29,33.46,14.28,5.97,3.43,2,0
65,21.95,19.42,9.4,3.43,4,1
224,29.16,13.6,9.56,1.35,1,1
68,22.37,11.65,11.53,2.75,3,0
190,28.31,15.56,5.44,2.3,0,0
56,27.93,19.86,8.43,3.19,2,0
146,25.43,20.38,13.21,2.0,2,0
124,26.76,14.26,8.5,2.38,3,0
138,14.89,22.69,9.66,2.65,2,0
95,24.23,14.97,8.53,2.21,2,0
87,30.12,21.16,9.04,2.32,3,0
80,35.68,16.58,9.37,2.38,2,0
137,23.99,12.51,11.46,2.16,2,0
107,48.18,19.05,10.86,3.89,2,0
170,31.3,17.42,10.09,2.65,2,0
143,26.44,18.14,10.71,2.05,1,0
105,24.0,14.25,12.35,3.08,1,0
123,35.87,18.45,9.67,2.65,3,0
103,27.34,13.24,11.44,2.3,1,0
92,28.46,21.98,5.24,3.02,4,0
28,40.26,14.2,12.61,2.62,3,0
86,44.4,18.21,6.97,3.43,2,0
43,28.63,20.72,9.66,3.0,1,0
96,42.3,11.93,11.86,2.78,3,0
67,29.95,20.06,6.86,2.86,1,0
97,35.56,0.0,7.89,3.19,1,0
91,18.67,16.12,9.3,3.0,1,0
161,54.79,19.58,10.87,2.11,2,1
99,30.45,20.26,7.46,2.86,2,0
102,36.5,26.72,12.61,3.86,0,0
101,39.56,15.84,6.9,3.11,5,0
158,37.55,20.59,10.5,1.73,0,0
55,41.74,16.38,6.38,2.46,1,0
64,24.74,19.41,12.3,2.4,1,0
61,27.83,9.62,6.03,2.67,3,0
158,26.5,19.06,9.95,2.32,2,0
82,23.43,20.02,12.06,2.97,2,0
132,33.17,12.65,10.1,1.81,0,0
155,35.99,11.83,6.6,3.0,1,0
88,15.88,21.42,8.5,2.94,1,0
89,13.99,14.21,8.76,1.94,1,0
162,31.37,15.57,5.73,3.32,0,0
115,33.3,19.3,14.09,3.56,2,0
15,22.98,12.96,10.12,2.27,2,0
87,31.77,15.52,6.44,1.13,1,0
160,29.63,14.56,9.94,2.24,0,0
159,19.36,12.35,8.78,3.19,1,0
57,39.87,16.59,12.1,3.08,2,0
165,41.29,17.83,10.28,0.0,1,0
92,42.4,17.98,7.61,2.46,0,0
148,34.34,20.67,11.76,2.94,1,0
165,35.6,23.27,6.76,3.46,0,0
108,12.55,12.19,7.66,2.94,2,0
59,38.25,16.26,10.2,2.46,1,0
99,43.25,13.54,11.9,1.62,1,0
43,42.76,18.09,7.1,2.51,0,0
106,28.8,16.76,9.1,2.89,1,0
91,26.01,11.99,7.72,2.78,1,1
108,28.87,14.76,9.66,2.57,2,0
62,27.15,16.79,5.47,3.75,0,1
136,17.29,17.24,6.13,2.54,3,0
63,5.25,15.9,10.39,2.32,1,0
92,26.42,16.02,11.47,2.16,3,0
84,14.62,22.16,4.44,2.4,1,0
162,30.11,9.75,6.91,1.76,3,0
122,39.25,20.67,8.21,2.97,0,1
90,33.75,22.66,10.95,2.16,2,0
41,24.41,12.95,8.75,2.32,1,0
111,29.38,15.56,7.15,2.13,4,1
94,40.05,16.56,7.68,2.32,1,0
59,28.27,20.34,5.54,2.7,2,0
143,20.25,24.45,10.04,3.29,0,0
151,40.1,6.85,9.58,1.57,3,0
95,32.33,13.35,8.17,3.78,0,0
100,40.09,14.96,2.86,1.97,2,0
49,36.35,22.53,10.79,4.21,0,0
58,25.4,16.7,9.43,4.02,1,0
98,37.6,18.16,13.13,3.21,4,0
74,18.09,11.92,4.09,3.08,1,0
68,39.51,13.03,9.66,2.84,1,0
78,42.99,15.16,11.88,2.57,3,0
35,17.95,21.95,9.59,2.35,0,0
71,17.68,16.75,4.95,3.94,0,0
88,32.27,16.77,10.55,4.02,2,0
108,27.56,14.6,11.69,2.59,4,1
136,29.68,15.01,9.65,2.38,2,0
177,29.82,13.2,8.07,3.11,1,0
113,26.83,13.73,12.22,2.35,5,1
80,33.68,13.32,8.19,2.51,3,0
51,36.52,12.72,12.75,2.75,0,0
61,33.54,22.48,9.47,2.43,1,0
177,14.43,21.89,9.47,2.03,2,0
94,28.92,16.43,4.77,3.46,1,0
116,43.01,11.81,12.5,3.19,2,0
166,33.64,21.34,6.22,3.02,2,0
87,39.32,14.59,3.05,3.51,1,0
62,31.76,17.65,8.78,2.38,3,0
105,37.52,18.5,8.57,3.56,1,1
103,19.01,20.37,12.07,1.86,1,0
97,35.87,16.07,5.54,1.27,3,0
27,38.66,21.08,2.76,2.11,1,0
110,27.12,17.2,11.52,4.51,2,0
109,37.21,25.49,7.14,3.05,2,0
113,35.22,21.76,9.49,2.67,1,0
50,16.93,26.24,7.25,3.7,2,1
138,38.28,14.74,6.56,3.16,0,0
58,40.87,10.11,7.39,3.02,1,0
137,29.65,13.29,6.14,2.75,0,0
73,38.15,13.56,8.68,3.51,1,0
81,42.6,15.97,5.41,2.11,1,0
99,21.18,12.44,7.62,2.84,1,0
101,37.45,16.03,12.53,2.86,1,0
122,34.77,11.87,9.23,2.32,2,0
100,10.0,18.66,6.85,1.92,0,0
128,37.89,22.27,8.61,2.92,0,0
87,28.75,14.44,11.02,2.67,3,0
35,30.8,15.1,10.26,1.35,2,0
111,21.61,19.41,7.5,1.92,1,0
63,24.19,10.09,10.8,1.78,1,0
157,37.26,17.51,8.66,4.05,1,0
115,35.8,13.01,11.8,2.97,0,0
145,25.08,14.93,11.34,4.21,2,0
91,21.05,27.12,10.69,1.97,2,0
78,32.35,16.53,11.54,3.16,2,0
109,45.0,25.93,8.88,2.57,1,1
105,27.59,18.06,9.66,3.0,4,0
106,13.87,20.03,6.79,2.67,1,0
148,21.15,15.27,11.39,3.05,0,0
77,24.31,18.04,4.72,4.13,5,1
121,30.5,12.16,5.23,3.02,1,0
130,27.68,24.68,5.17,1.94,1,0
157,37.52,10.14,7.43,3.11,4,0
85,44.17,20.6,7.6,1.46,0,0
48,46.78,15.32,7.15,2.13,1,0
46,20.77,14.21,8.77,2.62,1,0
104,19.31,13.48,8.45,2.84,2,0
93,19.87,19.75,5.75,2.97,0,0
190,19.84,12.4,7.88,2.67,1,0
134,34.8,12.16,7.46,2.97,6,0
34,49.93,23.16,8.02,2.97,2,1
97,19.16,18.5,6.84,1.76,1,0
36,30.36,18.11,8.91,2.94,1,0
139,36.48,19.98,7.33,4.0,0,0
180,38.23,21.25,9.72,1.81,3,1
93,46.09,20.18,6.54,2.27,1,1
146,18.53,22.59,10.27,3.4,1,0
208,55.51,14.99,8.18,2.89,2,1
155,27.71,17.33,7.15,4.08,2,0
66,35.31,16.72,11.78,1.84,1,0
107,36.06,12.76,9.89,2.08,3,0
123,32.98,20.57,6.58,3.27,1,0
62,32.22,8.82,8.13,2.92,2,0
105,26.54,9.1,7.55,3.97,0,1
99,24.19,17.38,9.14,2.46,0,0
64,28.56,16.35,7.49,2.73,2,0
86,38.47,18.96,11.5,3.51,4,0
100,32.05,12.61,8.09,4.1,2,0
90,17.34,9.63,8.49,3.08,2,0
136,17.36,18.66,3.32,2.65,0,0
157,33.03,20.67,14.5,1.92,1,0
72,43.01,18.64,9.49,2.65,0,0
96,16.69,26.11,8.21,2.05,2,0
76,33.71,18.45,8.48,3.38,0,0
137,24.48,15.44,5.76,3.32,0,0
84,36.91,20.06,5.32,2.54,1,0
87,29.17,17.43,7.68,3.73,0,0
87,38.88,13.86,6.93,3.19,1,0
63,14.11,15.05,11.06,3.51,0,0
94,35.04,19.09,11.55,3.51,1,0
90,32.86,22.38,9.65,3.0,0,0
84,38.4,23.43,9.06,3.86,3,1
67,29.7,13.65,6.99,3.62,0,0
93,24.87,18.41,10.49,3.11,0,0
13,37.47,17.95,11.67,3.67,2,0
94,23.15,14.03,6.21,2.59,0,0
65,35.5,12.08,9.66,3.38,4,0
21,15.74,13.76,12.83,3.05,5,1
92,42.89,17.6,12.81,3.24,3,1
95,11.8,16.22,9.9,2.4,0,0
66,5.78,23.68,5.83,3.11,0,0
125,23.82,17.82,11.88,2.16,1,0
110,38.71,14.45,5.79,3.16,1,0
120,31.57,19.98,11.54,4.56,0,0
73,20.74,11.76,10.09,1.57,1,0
112,34.05,16.81,6.8,2.81,1,0
57,30.46,24.07,10.26,3.97,1,0
71,41.43,5.1,8.5,3.05,0,0
56,27.59,12.67,11.5,4.0,4,1
73,13.99,21.77,10.33,3.19,6,1
70,33.76,18.18,7.7,2.86,2,0
148,35.56,9.91,4.93,4.46,2,0
117,17.48,17.57,13.46,2.73,1,0
71,47.18,11.2,5.71,2.21,1,0
90,31.25,19.52,6.48,2.08,1,0
112,48.72,26.8,8.73,2.78,1,0
125,20.49,19.36,7.13,2.75,1,0
69,47.57,21.14,7.69,2.27,2,1
149,28.32,18.6,9.37,2.21,7,0
13,9.93,22.29,7.15,3.21,1,0
64,34.22,12.22,6.76,3.32,1,0
107,19.43,16.98,8.76,2.03,1,0
116,34.8,17.8,9.58,1.89,2,0
70,25.01,17.0,10.57,3.38,3,0
75,33.69,23.83,5.83,3.05,1,0
42,27.85,15.11,8.57,2.19,0,0
79,37.55,16.34,7.25,3.29,1,0
125,35.02,16.84,6.12,3.56,0,0
107,46.5,15.62,6.92,2.97,2,0
116,38.98,15.68,7.57,2.38,2,0
108,34.19,14.51,10.68,3.13,3,0
109,45.63,12.8,13.41,2.62,2,1
117,33.32,27.43,10.15,1.0,1,0
48,29.22,13.52,6.28,2.05,2,0
36,26.79,15.67,10.82,3.21,0,0
57,32.88,19.69,10.18,3.0,2,0
18,46.51,9.74,11.28,2.21,1,0
103,33.75,3.61,8.06,3.35,0,0
123,21.88,10.0,8.93,2.92,0,0
137,21.59,27.47,6.48,2.03,1,0
84,49.15,19.87,10.06,3.43,2,1
123,38.08,17.91,10.44,0.57,0,0
114,26.25,18.82,9.38,2.78,0,0
61,24.4,20.62,6.65,3.05,0,0
86,32.39,15.27,11.63,2.73,3,0
84,12.8,15.29,8.72,3.32,1,0
189,43.64,12.79,5.54,3.08,3,0
80,31.31,14.24,9.58,2.7,0,0
100,42.13,11.05,6.04,1.86,1,0
124,53.04,15.3,7.59,3.46,1,1
88,45.02,20.86,7.22,4.0,1,1
91,34.78,11.56,9.47,1.78,3,0
45,19.18,18.6,10.81,2.43,2,0
100,31.45,15.51,12.37,1.38,1,0
113,12.33,17.34,5.31,1.78,1,0
128,33.88,16.56,13.42,3.86,4,0
68,27.0,18.0,8.91,2.78,1,0
195,10.74,18.72,8.28,1.38,0,0
40,25.18,14.41,9.63,1.67,2,0
57,34.2,23.81,6.94,3.19,1,0
94,30.86,16.99,12.95,1.78,1,0
103,29.19,12.28,7.11,1.84,3,0
45,13.29,21.54,11.48,4.86,1,0
194,27.59,18.16,8.64,2.94,0,0
121,32.95,16.8,9.85,1.59,0,0
107,20.93,13.46,11.52,2.51,0,0
92,29.97,7.94,9.32,2.59,2,0
68,30.38,21.45,11.51,2.27,1,0
114,28.76,12.74,8.86,1.24,2,0
113,22.46,21.04,11.08,1.86,3,0
74,48.03,18.69,7.65,2.54,1,1
55,37.57,14.06,10.59,2.62,1,0
85,35.75,16.64,9.97,3.02,1,0
77,39.75,22.65,9.57,2.05,2,0
120,16.69,15.87,6.6,2.51,2,0
127,16.3,13.56,6.88,2.81,1,0
115,25.14,19.41,13.49,2.59,3,0
124,28.78,15.18,10.9,3.29,1,0
149,29.95,12.33,11.23,1.54,0,0
121,36.24,10.26,11.0,2.03,1,0
75,38.2,16.32,9.55,3.05,3,0
169,30.46,14.89,10.29,2.67,2,0
125,44.34,13.91,12.23,4.59,1,1
71,43.93,10.78,8.21,2.62,4,0
111,38.23,16.31,10.35,2.78,0,0
52,35.67,14.56,6.96,2.67,4,0
138,32.32,18.97,11.53,3.83,0,0
59,32.25,9.85,9.93,2.0,0,0
163,37.33,17.88,10.92,3.73,2,0
157,33.32,18.14,8.86,2.13,1,0
115,20.74,18.72,8.09,2.92,2,1
73,34.56,12.06,9.03,2.3,0,0
157,28.66,17.43,7.91,1.59,3,0
53,4.4,17.55,10.26,1.76,1,0
65,25.28,22.02,6.73,3.43,2,0
107,34.31,25.92,10.15,3.21,1,0
145,43.81,13.78,12.91,3.0,2,0
83,46.33,21.51,8.14,2.35,3,0
22,35.31,17.9,10.72,2.59,0,0
116,24.89,15.01,9.57,2.11,1,0
65,19.86,15.21,8.21,3.81,1,0
128,33.25,22.76,7.42,4.32,0,0
63,35.99,23.09,9.15,2.0,0,0
77,27.71,18.62,10.5,1.81,2,0
139,16.35,15.21,8.19,3.48,2,0
61,49.08,17.32,9.14,2.32,0,0
51,8.81,19.57,10.24,2.81,2,0
95,40.48,15.91,8.55,3.19,4,0
110,41.0,14.82,11.04,2.3,2,0
106,45.95,18.29,11.43,3.89,1,1
65,26.88,27.39,9.45,2.4,1,0
98,27.4,21.44,7.21,1.19,4,0
160,35.07,20.49,10.25,3.16,0,0
155,33.3,18.18,3.97,2.32,0,0
129,31.62,22.3,4.45,3.11,4,0
161,33.42,14.47,8.74,3.38,1,0
78,27.59,16.35,10.83,2.73,2,0
172,34.66,19.89,7.23,4.81,4,0
111,21.9,13.37,6.63,2.78,2,0
73,16.13,21.52,7.88,3.83,2,0
118,38.18,19.2,12.11,3.38,2,0
68,26.74,18.78,9.85,3.24,1,0
41,34.49,13.07,5.11,2.43,3,0
64,21.62,13.85,11.13,2.19,0,0
73,33.12,14.21,4.51,2.92,1,0
106,37.91,9.36,8.49,1.92,0,0
88,36.65,18.38,7.71,3.19,3,0
84,27.03,14.27,7.54,3.32,1,0
167,37.25,20.65,7.6,2.73,2,0
141,24.91,14.44,10.75,2.21,0,0
111,30.91,13.44,11.98,2.62,0,0
166,29.56,23.49,8.59,4.13,0,0
34,21.22,23.99,14.02,2.7,2,0
76,29.44,11.15,7.69,1.46,0,0
90,21.32,22.87,10.74,2.97,1,0
67,28.53,14.25,4.96,2.27,1,0
176,37.94,18.22,6.95,2.73,3,0
110,27.54,21.04,7.0,2.4,0,0
79,7.12,17.94,10.71,3.08,1,0
131,44.78,12.91,9.83,2.89,2,0
39,24.09,19.75,9.99,3.24,1,0
88,19.33,14.03,6.37,2.92,1,0
177,32.22,14.99,10.17,3.83,1,0
149,33.81,23.29,8.58,3.86,1,0
101,27.22,17.85,6.26,2.92,0,0
97,34.39,5.88,11.59,1.81,1,0
62,16.81,11.51,10.65,3.29,1,0
78,33.56,25.13,9.53,3.56,0,0
179,19.74,17.15,8.19,3.13,0,0
117,32.49,24.04,3.82,3.24,2,0
63,36.53,16.85,7.69,2.21,0,0
173,49.61,18.22,6.8,2.67,0,1
63,25.38,23.26,9.3,2.46,0,0
78,32.83,14.63,5.83,2.75,0,0
58,33.07,18.16,10.65,2.57,1,0
62,54.59,22.57,8.12,3.11,4,1
108,30.31,16.07,5.81,3.94,0,0
91,27.03,21.68,3.71,2.73,0,0
99,31.04,13.13,8.82,3.27,0,0
141,32.71,13.34,7.91,2.97,0,0
136,18.6,17.64,6.08,3.13,0,0
100,26.13,11.71,9.61,4.29,1,0
112,57.04,18.06,11.93,3.43,2,1
113,10.4,7.85,8.88,3.7,5,1
74,29.26,17.99,8.2,3.13,1,0
51,33.63,18.79,7.59,2.4,1,0
99,21.81,18.3,6.47,3.86,2,0
93,28.03,17.88,10.32,2.11,2,0
101,29.73,22.27,9.45,2.3,1,0
151,26.59,19.84,8.81,2.08,4,0
97,28.63,19.2,8.63,2.3,0,0
115,22.66,15.78,7.27,1.51,2,0
87,19.62,22.32,11.06,3.54,2,0
56,6.41,12.25,10.2,1.32,1,0
21,24.82,9.32,11.13,1.84,0,0
44,49.1,14.95,9.69,2.57,0,1
114,34.36,16.63,13.13,3.59,2,0
93,27.97,19.63,6.75,2.67,4,0
80,25.76,11.19,10.59,3.19,0,0
38,24.21,26.66,5.7,3.62,2,0
119,22.44,14.73,9.16,3.13,1,0
49,40.43,17.76,7.55,4.21,2,1
70,1.34,11.59,7.05,3.27,0,0
114,37.88,15.34,6.81,3.51,0,0
119,48.81,13.54,9.76,3.75,2,1
101,35.12,19.12,11.25,3.94,0,0
75,20.15,18.18,5.97,3.62,2,0
122,20.28,19.03,9.54,2.35,2,0
190,24.29,15.12,5.1,1.78,0,0
77,29.84,17.43,11.03,4.81,4,0
91,39.51,15.81,8.57,3.32,3,0
35,23.48,13.45,9.71,2.78,5,1
110,25.23,16.47,9.27,1.86,0,0
80,47.01,16.63,9.46,1.94,1,1
149,33.37,11.63,6.96,2.08,2,0
153,28.36,12.2,9.48,3.19,0,0
125,21.54,17.51,11.15,3.59,1,0
114,25.01,13.69,12.42,2.43,5,1
119,27.2,17.81,3.7,2.35,5,1
38,29.87,18.0,6.21,2.48,5,1
225,28.12,23.26,9.45,2.35,0,1
53,24.96,26.35,8.04,1.94,0,0
73,40.85,13.81,10.44,3.21,0,0
92,34.32,19.28,9.79,3.7,3,0
63,36.41,15.4,7.83,2.78,0,0
61,39.81,18.42,5.88,3.75,1,0
138,40.94,12.28,5.66,3.13,0,0
79,25.87,15.06,4.34,1.43,1,0
134,13.65,16.99,7.69,4.48,0,0
29,26.76,12.33,12.68,2.51,1,0
106,35.34,14.62,8.63,3.89,4,0
132,35.05,17.95,8.83,2.75,1,0
97,20.59,22.12,10.01,2.24,3,0
121,43.2,15.32,8.83,2.35,3,0
125,40.14,24.58,7.89,2.46,2,0
93,53.04,11.0,9.79,2.84,0,1
53,27.9,17.51,8.76,3.08,1,0
122,23.82,19.67,8.46,3.02,2,0
118,26.15,10.48,5.3,2.48,1,0
31,29.21,20.46,11.05,2.86,1,0
86,37.67,24.51,10.81,2.43,1,0
142,38.15,12.41,10.86,2.38,1,0
88,9.45,20.63,7.93,3.05,0,0
60,37.5,17.94,11.21,1.84,1,0
119,29.41,17.8,10.4,3.29,0,0
67,19.65,20.2,7.65,2.67,2,0
173,18.6,8.61,7.53,2.11,1,0
104,18.55,15.9,9.75,2.7,3,0
122,39.3,22.76,10.81,2.38,1,1
91,24.84,23.58,6.2,1.67,1,0
33,27.88,13.01,5.57,1.73,0,0
155,10.47,21.68,10.17,3.35,1,0
110,22.42,23.18,8.68,1.92,1,0
111,34.94,18.64,9.72,3.78,1,0
101,19.4,13.73,7.93,3.51,2,0
133,20.03,16.93,10.98,3.19,0,1
184,36.35,13.57,6.26,1.35,2,0
70,33.54,25.99,7.69,1.81,1,0
146,30.02,13.83,9.7,3.94,1,0
105,46.7,16.45,13.48,2.92,3,0
116,32.66,26.6,5.86,2.13,3,0
105,21.32,22.23,10.87,3.08,2,0
69,31.18,20.2,10.26,2.43,3,0
86,21.81,16.75,6.23,3.29,7,1
130,29.97,17.09,7.29,3.05,1,0
74,17.46,12.69,8.46,2.97,0,0
74,25.25,12.45,13.01,2.67,3,0
16,18.7,12.52,8.57,1.73,0,0
118,29.04,16.96,7.64,2.59,5,1
80,35.07,13.17,11.86,3.35,0,0
24,41.12,12.34,9.65,1.78,1,0
60,49.27,21.73,10.93,3.16,2,1
57,32.18,14.87,9.99,3.02,3,0
52,36.5,13.48,5.55,2.54,2,0
55,22.19,17.71,6.37,2.97,4,1
50,32.11,17.33,6.83,3.13,3,0
101,32.93,15.86,10.04,3.13,0,0
55,20.35,19.7,10.0,1.24,2,0
138,28.78,18.52,8.29,2.54,1,0
116,26.47,15.76,8.67,2.21,3,0
118,37.98,18.75,9.18,1.7,0,0
132,30.79,26.72,11.1,1.13,2,0
27,39.46,17.92,7.44,4.05,5,0
60,30.65,17.68,8.15,3.46,2,0
111,13.31,16.85,11.18,3.27,1,0
45,33.42,26.62,7.35,3.21,0,0
101,26.15,19.89,8.83,3.13,4,0
105,46.56,23.68,11.49,2.94,1,1
64,26.28,7.09,7.47,3.59,1,0
90,35.22,24.86,10.18,2.16,2,0
102,38.11,20.68,6.65,3.24,3,0
163,27.2,16.1,10.35,2.81,1,0
75,26.04,17.92,6.91,2.11,1,0
127,38.13,15.78,7.17,2.7,2,0
138,35.9,26.56,8.01,2.89,3,1
82,31.59,23.5,8.64,1.54,4,0
123,35.17,20.8,9.97,2.08,3,0
101,37.01,19.69,8.34,0.0,3,0
188,33.8,14.16,8.93,3.89,1,1
76,34.68,19.13,10.81,2.59,1,0
59,33.15,16.87,13.69,4.0,0,0
93,25.43,17.06,8.15,3.86,0,0
67,25.93,21.45,8.34,1.32,2,0
70,39.15,6.62,11.12,3.56,1,0
116,33.64,14.29,10.79,3.24,1,0
161,26.3,15.11,7.78,1.59,4,1
101,26.59,11.08,9.33,1.97,1,0
169,25.02,13.76,6.39,1.94,3,0
101,35.63,19.45,7.76,2.05,3,0
194,32.86,14.37,10.13,3.19,0,0
137,19.55,11.71,10.08,1.97,3,0
121,11.68,17.78,8.88,3.08,1,0
24,40.17,16.22,5.81,1.94,3,0
114,32.27,12.55,7.77,2.86,1,0
94,39.64,9.63,5.31,4.35,0,0
127,17.48,12.21,8.61,2.7,1,0
15,20.59,18.36,10.58,4.35,2,0
58,28.12,9.83,8.72,3.46,2,0
149,41.23,20.86,9.88,2.7,3,1
96,29.36,10.21,9.72,2.78,5,1
151,33.78,17.81,12.69,3.35,0,0
143,31.72,18.87,10.57,3.13,1,0
123,35.6,20.18,10.76,2.65,1,0
117,24.36,17.96,8.33,3.11,1,0
136,33.86,18.25,6.79,3.19,1,0
85,29.99,19.12,9.88,3.11,1,0
103,26.98,16.86,8.15,2.84,1,0
102,34.1,12.96,8.97,2.08,3,0
76,15.39,17.99,8.77,2.51,1,0
83,22.92,14.21,7.27,2.08,2,0
184,25.79,15.17,10.31,3.54,2,0
142,40.77,24.3,11.55,2.57,0,0
93,37.18,9.78,8.67,2.54,2,0
101,39.32,19.1,9.66,1.94,1,0
107,15.42,17.64,7.62,1.51,2,0
92,31.28,6.49,8.33,3.43,2,0
135,40.78,15.05,9.77,1.59,2,0
19,34.26,10.98,9.93,3.48,1,0
105,25.5,24.97,11.28,2.78,3,0
41,35.24,11.67,5.21,1.59,1,0
98,30.87,18.76,10.63,3.48,2,0
115,30.38,23.04,11.07,4.43,2,0
110,40.17,16.65,8.26,2.62,1,0
115,48.69,17.48,8.61,1.86,1,1
119,36.91,18.77,11.23,2.16,2,0
135,26.38,11.55,8.31,1.03,3,0
86,14.2,18.79,15.74,3.4,0,0
51,26.11,19.8,9.64,3.81,0,1
130,26.18,17.5,10.52,3.48,1,0
70,37.88,18.35,10.06,0.0,1,0
75,18.53,22.04,8.19,3.59,4,1
101,42.26,14.87,9.32,1.65,3,0
45,16.34,20.98,10.34,2.62,1,0
54,35.17,10.86,8.96,2.48,3,0
74,23.24,19.43,11.94,2.65,0,0
177,42.28,14.65,8.64,3.05,1,1
21,23.1,23.04,8.06,2.57,6,0
130,11.63,16.43,7.72,2.81,0,0
120,40.7,22.05,10.71,2.08,0,0
130,26.5,21.77,11.83,3.16,3,0
66,26.18,16.91,6.84,2.57,4,1
47,29.39,11.7,9.17,2.24,1,0
171,23.38,16.84,13.17,3.59,2,0
33,32.4,13.74,8.55,3.51,1,0
93,25.74,15.84,7.76,2.94,0,0
137,29.58,13.71,11.73,3.08,2,0
92,47.79,16.83,4.24,2.03,0,0
115,24.94,9.03,8.9,3.0,2,0
72,35.33,16.63,8.32,3.54,0,0
123,27.05,20.54,9.11,1.76,1,0
158,35.68,18.81,9.45,2.21,1,0
180,23.63,19.12,7.69,4.24,2,0
160,28.36,20.06,13.84,2.51,1,0
191,27.54,20.5,9.47,2.94,1,0
123,45.97,20.83,4.9,4.16,1,0
102,23.36,15.02,8.47,2.75,2,0
138,48.65,15.91,6.58,2.97,2,1
86,36.77,22.64,9.63,1.22,0,0
106,19.45,6.66,10.47,0.0,2,0
70,25.23,22.7,6.82,2.4,0,0
126,19.43,16.18,10.82,3.4,3,0
95,28.17,18.33,10.95,2.65,0,0
72,29.84,11.25,10.93,3.19,1,0
122,24.87,18.59,10.62,3.11,1,0
97,40.27,13.4,10.85,1.97,0,1
110,22.97,17.44,7.48,3.16,1,0
83,57.36,19.33,6.93,4.27,0,1
36,33.46,21.67,6.22,5.4,0,1
88,12.46,13.72,10.78,2.21,4,1
97,24.82,17.26,6.83,3.59,1,0
42,31.37,17.04,12.56,2.38,2,0
106,14.21,17.33,10.33,2.19,1,0
147,36.18,17.35,7.03,2.75,1,0
80,33.97,14.2,12.23,1.49,1,0
101,32.42,17.73,9.17,2.38,1,0
35,44.34,21.94,5.91,1.57,1,0
121,28.66,14.33,4.29,3.32,1,0
75,28.27,13.45,11.55,1.65,1,0
185,26.74,21.9,8.57,2.59,0,0
133,41.79,22.5,5.03,3.02,0,0
177,39.58,14.89,9.55,3.38,2,0
116,22.0,13.37,9.7,3.59,0,0
109,27.64,13.09,9.44,3.11,0,0
139,23.48,13.98,6.07,2.24,1,0
116,45.66,15.15,7.48,3.13,2,0
54,27.17,22.44,5.21,2.62,2,0
67,31.65,24.37,7.39,3.48,2,0
108,29.02,9.34,7.46,2.35,3,0
120,34.05,18.73,11.42,2.84,0,0
100,44.97,16.49,11.82,2.03,2,1
135,32.45,13.72,10.44,2.27,1,0
122,29.51,7.79,9.53,2.62,3,0
83,22.51,10.34,8.9,2.32,1,0
33,27.12,16.61,4.61,1.92,1,0
27,14.04,17.34,10.09,2.46,1,0
92,30.84,13.98,7.69,2.94,2,0
1,29.78,12.89,10.37,1.43,1,0
117,13.63,18.62,5.52,2.32,1,0
86,25.59,10.23,12.2,2.43,1,0
107,47.79,12.21,10.77,3.02,1,0
174,40.04,12.1,14.25,3.38,0,0
50,31.21,4.98,9.12,2.35,1,0
26,39.87,18.4,8.62,0.95,3,0
116,36.94,18.37,6.66,3.05,2,0
91,22.08,14.73,11.12,3.02,3,0
138,12.89,14.76,7.32,2.21,0,0
16,26.04,19.52,6.67,2.89,1,0
149,40.39,16.35,9.33,2.46,0,0
190,30.97,18.05,10.49,2.51,2,0
80,33.59,13.98,4.23,1.73,1,0
13,24.33,20.37,9.98,1.92,2,0
84,22.13,23.63,13.74,3.78,2,0
170,41.89,19.39,7.49,2.46,0,0
68,37.88,14.94,9.09,2.97,3,0
92,29.43,20.43,10.49,2.43,1,0
120,30.33,14.31,5.42,2.51,1,0
132,34.32,13.29,5.91,3.7,0,0
96,34.1,24.61,4.42,3.02,2,0
98,36.86,16.22,8.44,2.97,0,0
68,33.22,18.03,6.23,4.08,1,0
55,48.57,19.63,10.38,4.0,0,1
114,31.93,13.14,9.63,2.73,2,0
55,35.31,16.97,9.74,1.97,1,0
105,20.28,15.73,7.07,2.94,2,0
124,24.57,22.3,10.19,3.24,2,0
119,32.37,18.33,7.25,2.7,2,0
120,30.6,19.06,11.94,1.27,3,0
99,23.92,17.93,10.35,3.35,2,0
17,27.68,19.52,14.97,3.67,0,1
25,20.28,17.98,12.1,2.84,3,0
99,26.4,22.58,6.56,3.35,0,0
155,36.84,12.27,6.09,2.92,2,0
3,11.46,20.74,12.65,3.08,2,0
121,21.47,17.82,8.66,2.86,1,0
5,33.86,15.92,9.63,3.59,3,0
71,47.41,16.17,11.48,3.16,0,1
106,32.91,20.25,7.94,3.48,0,0
87,34.82,13.69,12.86,2.57,0,0
80,45.68,25.59,7.52,1.57,2,1
109,26.03,19.9,14.81,2.67,3,0
143,22.68,19.03,8.12,2.75,1,0
66,35.48,14.73,11.91,2.24,3,0
85,38.25,15.04,8.74,1.92,3,0
132,13.79,20.84,10.67,2.78,0,0
121,36.64,20.55,6.61,2.59,1,0
189,38.73,14.41,9.05,1.51,3,0
102,46.44,17.94,9.17,3.54,2,1
85,35.34,19.85,9.96,3.65,1,0
101,37.35,15.88,8.3,2.57,2,0
82,56.07,17.71,12.02,2.86,0,1
71,35.19,14.77,8.03,3.27,1,0
103,34.83,11.49,9.37,2.81,5,0
150,36.38,16.35,10.92,2.13,1,0
77,32.22,17.6,9.63,2.48,0,0
89,23.44,16.37,11.51,2.97,1,0
170,48.57,14.24,11.7,2.35,1,1
64,34.07,11.14,10.38,2.05,1,0
71,35.9,21.48,10.16,3.32,0,0
113,34.73,16.05,6.27,2.48,1,0
65,36.28,19.93,11.25,0.73,1,0
82,35.19,19.8,7.76,2.46,3,0
94,33.51,18.23,12.7,2.57,4,0
89,21.35,18.11,8.18,1.46,1,0
120,37.72,21.65,11.27,1.94,2,0
107,32.25,13.27,10.98,2.24,5,0
159,26.11,18.44,7.26,3.4,2,0
62,17.0,14.75,9.81,2.73,0,0
32,41.4,20.13,7.8,2.43,1,0
152,38.78,11.59,8.88,2.43,1,0
80,20.08,12.27,10.13,2.21,1,0
73,36.41,16.73,7.11,1.59,0,0
112,35.48,18.09,8.01,2.3,0,0
151,36.5,11.77,7.61,2.32,1,0
81,22.08,19.56,6.32,3.59,0,0
13,45.1,12.55,11.67,3.48,1,0
56,21.61,14.63,8.76,3.27,1,0
64,44.52,12.59,6.53,3.73,0,0
172,29.33,21.51,9.97,1.59,0,0
148,37.18,13.23,12.48,2.21,1,0
166,34.58,14.25,5.94,2.48,2,0
130,19.65,14.26,6.38,3.4,1,0
151,30.38,24.83,11.97,2.65,0,0
140,25.45,18.06,11.07,3.4,3,0
60,16.69,15.34,10.06,2.51,2,0
94,32.4,12.95,6.51,2.03,1,0
139,26.79,21.0,11.66,3.7,0,0
180,39.41,19.8,9.31,2.05,1,0
105,14.98,14.95,12.15,2.62,2,0
136,24.33,20.11,10.25,3.08,2,0
66,20.06,21.09,9.65,1.43,1,0
162,12.02,13.39,6.97,2.46,4,1
79,22.9,16.12,9.96,3.19,2,0
101,0.0,16.33,7.6,1.94,1,0
127,30.07,14.27,8.2,2.08,1,1
45,35.29,12.98,9.8,3.35,1,0
118,15.56,18.69,10.31,3.43,2,0
132,20.66,21.51,8.81,2.89,1,0
168,31.14,15.23,13.18,2.67,2,0
52,28.14,17.47,9.61,3.29,0,0
85,28.19,16.15,6.48,2.94,5,1
131,29.04,20.12,13.25,3.43,1,0
112,32.2,18.62,7.56,1.92,3,0
100,11.65,28.65,9.23,3.27,0,0
125,16.41,12.39,7.85,2.54,1,0
136,15.37,17.11,10.22,3.54,0,0
70,22.08,17.74,10.41,3.86,1,0
112,19.69,20.68,8.31,3.54,1,0
53,9.78,22.57,10.99,3.13,3,0
107,26.71,13.82,6.75,3.27,1,0
193,12.1,10.6,7.0,3.16,0,0
55,48.74,11.42,8.68,1.86,2,0
146,19.65,18.16,9.83,2.89,1,0
104,26.55,16.41,10.02,3.54,1,0
88,30.92,12.88,6.44,2.03,1,0
67,18.55,12.1,4.1,2.94,2,0
17,27.46,18.21,14.18,2.32,1,0
144,32.27,10.49,9.64,1.76,2,1
100,27.18,15.29,6.95,3.13,2,1
126,21.98,15.0,6.95,2.59,1,0
124,25.67,10.25,6.88,2.48,2,0
150,28.76,18.43,8.07,3.4,1,0
99,32.5,13.93,10.96,3.81,1,0
69,38.59,21.99,7.64,2.4,2,0
86,20.23,19.55,10.66,2.57,0,0
90,16.12,18.62,8.88,3.08,1,0
134,24.09,17.48,9.83,2.38,0,0
74,39.85,22.6,10.86,3.7,0,0
59,27.12,14.21,6.24,2.75,0,0
105,17.32,18.96,10.87,3.48,0,0
179,48.84,24.48,11.97,2.84,0,1
35,26.96,11.08,10.34,1.86,2,0
55,37.83,14.58,16.99,2.62,1,0
108,36.65,16.6,8.75,0.97,1,0
94,45.76,16.47,11.59,2.4,3,1
117,16.51,19.38,10.8,2.86,1,0
131,31.94,17.04,9.12,2.75,2,0
46,43.76,22.19,9.2,3.62,2,1
87,40.94,6.45,10.11,1.92,2,0
102,38.2,11.0,7.54,4.27,1,0
150,30.41,14.37,6.69,3.73,4,1
79,17.53,20.66,3.44,3.29,3,0
95,48.13,24.33,11.78,3.05,3,0
145,6.72,22.47,8.36,2.7,0,0
52,32.62,22.93,10.66,2.11,3,0
77,17.54,20.09,9.16,3.21,0,1
90,28.73,16.05,9.6,3.59,0,1
22,18.75,14.15,9.1,2.57,0,0
10,31.11,18.26,9.29,2.35,2,0
90,6.43,13.2,7.88,3.83,3,0
100,34.65,24.06,8.88,3.38,0,0
131,16.05,18.28,8.09,3.54,2,0
94,15.76,10.86,10.15,2.67,3,0
221,30.69,19.05,9.26,0.65,0,0
123,27.12,25.82,10.21,3.24,0,0
148,35.43,14.82,13.98,3.02,1,0
93,19.43,18.79,5.68,2.94,0,0
135,34.31,19.13,9.2,2.78,1,0
58,40.61,15.91,8.15,3.19,2,0
117,24.58,22.0,11.39,2.0,2,0
106,28.1,17.85,8.42,2.3,2,0
42,51.66,19.74,6.62,1.57,1,1
82,35.5,18.16,7.88,3.35,3,0
75,20.88,17.96,11.76,2.89,2,0
128,45.07,16.78,11.01,2.7,1,0
49,20.28,18.28,8.04,3.0,1,0
100,37.69,20.07,8.67,2.16,0,0
176,48.14,13.82,8.0,1.94,1,0
111,33.51,19.36,9.63,2.51,0,0
195,39.39,19.13,9.08,3.27,0,0
126,42.47,22.26,7.51,3.43,3,1
113,32.95,18.82,7.75,2.86,1,0
30,38.66,15.51,8.63,3.38,0,0
11,35.67,16.71,10.49,1.89,1,0
80,28.29,20.26,6.78,2.89,4,0
131,49.79,16.97,11.49,3.73,4,1
72,30.11,15.7,7.83,2.16,1,0
109,31.28,10.23,6.92,2.97,0,0
148,37.21,17.68,9.15,3.0,0,0
148,41.63,10.03,10.62,4.1,2,0
111,36.43,17.72,8.21,3.24,1,0
66,14.89,22.27,8.31,2.48,1,0
95,6.95,11.34,11.89,3.21,0,0
97,24.65,25.02,10.79,2.97,4,1
94,30.82,15.5,8.13,1.81,0,0
179,37.42,19.92,10.68,2.73,4,0
115,34.03,20.82,8.59,2.38,1,0
110,41.23,13.8,8.28,2.11,4,0
95,29.58,23.89,8.87,2.62,0,0
59,31.03,17.4,10.35,3.05,4,0
18,33.49,17.31,9.09,2.35,3,0
100,37.18,13.18,4.46,3.27,1,0
94,28.92,23.1,4.98,2.35,1,0
96,31.18,16.62,8.1,2.84,1,0
37,18.12,12.53,10.61,2.59,2,0
41,40.43,19.0,9.78,2.75,2,0
112,19.33,13.39,7.99,2.7,2,0
70,36.52,11.14,9.76,2.54,3,0
93,25.86,18.32,11.81,3.24,1,0
104,27.27,24.98,13.8,3.4,4,0
112,41.38,15.48,11.66,3.46,1,0
87,40.8,11.4,8.51,2.51,0,1
146,34.75,18.62,10.02,2.84,3,0
31,30.14,12.99,7.33,1.38,0,0
42,25.62,20.97,4.67,1.89,2,0
99,19.64,18.54,11.47,3.11,7,1
81,27.47,10.46,11.76,3.29,1,0
133,38.66,6.22,5.14,1.27,0,0
129,32.79,15.77,9.23,2.94,1,0
88,46.68,13.69,8.75,2.48,2,0
39,31.82,9.75,4.71,3.56,1,0
97,43.59,23.28,10.02,3.0,1,1
88,49.05,17.29,10.28,3.51,1,0
135,37.2,20.64,3.86,2.78,4,0
117,27.47,16.69,13.27,3.73,1,0
78,17.6,10.02,9.05,3.24,4,1
84,36.43,16.0,15.01,3.05,0,0
129,33.73,22.5,5.01,2.48,2,0
133,27.56,18.03,11.72,3.29,1,0
104,31.21,10.26,9.68,3.43,1,0
24,25.33,11.14,10.74,2.32,2,1
63,19.91,21.22,7.3,3.0,3,0
133,47.14,19.41,5.28,3.46,2,1
67,39.2,16.07,7.3,2.54,1,0
100,18.22,7.38,7.03,2.62,1,0
31,35.79,21.29,10.87,3.11,1,0
106,27.13,23.53,10.06,2.38,0,0
147,28.66,15.95,9.74,3.89,2,0
85,33.52,17.99,9.45,2.24,4,0
136,14.48,19.58,10.96,2.43,2,0
82,45.37,19.52,11.33,2.97,3,1
47,28.05,10.82,12.8,2.08,2,0
147,38.28,15.72,6.44,2.67,0,1
96,16.59,8.97,9.91,3.13,1,0
129,23.43,19.19,6.53,2.75,1,1
105,18.63,21.19,14.45,2.24,4,1
72,23.48,22.11,6.09,2.21,2,0
154,32.54,17.46,9.26,2.75,3,0
117,9.21,25.77,7.73,2.32,1,1
101,21.22,21.86,8.69,3.62,0,0
144,42.77,16.8,9.41,3.29,2,0
108,17.51,20.6,7.66,2.13,1,0
150,23.22,17.8,7.25,3.29,4,1
59,21.66,8.78,7.39,2.46,0,0
178,46.82,15.94,6.62,3.67,1,0
56,38.42,21.12,6.32,1.86,1,0
177,39.13,16.67,9.69,2.81,1,0
45,13.36,15.92,8.29,2.0,1,1
165,26.21,22.83,8.5,2.94,6,0
98,47.31,7.94,4.84,2.62,0,0
113,25.33,20.04,9.08,2.57,4,0
99,36.72,19.75,9.7,2.51,2,1
72,37.4,18.47,6.88,3.97,3,0
84,34.58,15.55,9.62,3.73,1,0
97,28.66,22.03,12.59,1.97,1,0
124,42.76,18.21,8.37,3.0,3,0
127,23.73,20.48,5.72,2.38,2,0
151,33.41,14.94,9.98,3.62,0,0
106,8.87,18.71,5.05,3.08,2,0
141,35.17,22.47,7.73,2.51,2,0
60,37.59,15.18,9.12,2.0,1,0
99,16.22,17.61,6.12,1.51,1,0
107,22.66,15.55,10.85,3.48,3,1
125,40.92,22.9,8.42,2.73,0,1
86,38.34,20.94,11.06,2.65,0,0
56,25.65,13.75,7.55,3.16,3,0
55,23.68,15.16,11.09,2.19,3,0
137,31.71,15.13,9.7,3.27,2,0
167,41.62,5.17,7.95,2.89,2,0
151,22.87,12.16,10.08,4.16,1,0
108,41.85,17.2,8.1,2.54,1,0
116,34.85,11.98,12.27,2.03,2,0
127,34.65,22.7,10.13,1.97,0,0
165,18.97,18.13,12.04,4.32,0,0
75,25.6,25.63,7.14,2.19,0,0
81,34.6,24.62,9.58,2.35,3,0
16,27.52,19.56,6.7,2.75,3,0
128,42.04,15.53,6.44,3.97,3,0
43,23.09,13.87,10.34,3.4,0,0
76,34.71,24.87,10.99,2.84,0,0
145,33.86,10.71,13.01,2.05,1,0
76,36.48,17.44,6.06,2.19,1,0
55,33.0,15.01,13.63,1.89,2,0
40,38.2,11.43,5.41,2.03,1,1
136,31.91,18.79,6.56,2.7,3,0
153,37.15,11.41,5.35,2.54,0,0
80,27.08,14.5,6.35,3.21,1,0
54,19.04,17.68,6.76,3.05,2,0
132,29.67,20.88,7.78,2.78,1,0
94,32.37,7.82,10.12,3.67,2,0
121,24.62,17.05,9.4,3.59,0,1
138,35.0,21.85,9.4,3.27,0,0
119,13.92,21.57,9.59,2.4,2,1
148,39.22,19.87,9.71,3.65,3,0
108,35.62,9.32,8.54,2.46,6,1
87,37.67,13.35,10.01,3.11,1,0
110,25.25,23.49,8.71,3.35,1,0
108,35.8,13.96,9.06,2.54,0,0
141,52.36,21.06,6.88,2.0,1,0
87,22.81,14.03,7.79,2.89,0,0
156,47.09,20.26,4.25,2.24,1,0
105,38.83,12.33,11.04,2.08,0,0
153,40.05,19.37,7.66,4.16,0,0
114,26.4,14.44,9.32,3.4,2,0
185,23.73,21.27,7.11,2.92,1,0
57,26.88,9.79,8.21,3.19,0,0
155,30.84,14.25,7.58,3.05,3,0
129,45.46,17.36,5.03,1.59,1,0
95,31.31,15.44,6.45,3.46,2,0
125,31.84,13.66,11.87,2.59,0,1
28,27.15,18.42,9.3,2.51,2,0
97,36.6,20.6,12.59,3.27,0,0
84,32.81,13.06,11.72,2.0,2,0
136,15.64,21.56,9.63,2.78,1,0
145,41.79,24.37,10.83,2.43,1,1
74,44.59,16.91,7.47,1.78,3,0
51,47.04,17.31,11.08,2.24,0,0
87,25.67,18.67,9.18,2.62,5,1
113,26.52,21.83,7.89,3.21,2,0
128,29.1,12.38,8.86,3.78,1,0
173,29.33,12.12,4.59,2.94,0,0
130,22.51,17.03,9.11,1.62,2,0
96,18.46,17.54,5.68,3.62,0,0
140,25.47,13.97,13.26,2.19,1,0
129,24.43,25.31,9.57,3.08,4,0
52,26.35,11.34,7.92,1.89,4,1
192,31.45,19.12,9.56,3.08,2,0
122,36.65,14.26,9.32,1.73,3,0
166,34.71,15.29,9.76,2.57,1,0
108,28.83,22.45,9.28,2.51,0,0
89,22.93,13.26,8.89,2.75,1,0
73,33.71,23.74,6.58,4.0,3,0
83,39.32,17.88,9.78,3.35,3,0
123,21.2,21.28,9.74,2.11,1,0
36,19.91,20.01,9.96,2.43,0,0
129,32.81,19.11,8.89,2.78,2,0
84,27.12,21.0,8.46,1.94,2,0
76,27.22,14.34,1.04,2.57,3,0
136,34.94,25.37,9.64,1.86,1,0
85,33.39,23.88,4.02,3.73,1,0
150,29.65,14.44,9.07,2.97,1,0
100,37.3,19.18,11.49,3.24,4,0
96,29.56,24.43,9.22,2.46,1,0
159,14.91,23.65,7.68,2.84,1,0
120,30.58,14.45,8.58,3.73,1,1
86,29.21,25.64,6.27,2.62,1,0
61,33.61,12.94,9.95,1.89,2,0
116,31.08,18.08,8.72,2.97,1,0
37,32.54,14.23,9.74,3.78,3,0
20,31.76,21.54,12.29,3.32,2,0
87,44.68,18.34,6.97,2.11,0,0
9,15.05,15.2,10.29,3.11,2,0
88,25.19,26.24,10.59,1.73,2,0
48,35.99,13.59,6.48,3.29,1,0
127,28.22,14.83,11.02,2.75,1,0
136,44.1,14.68,13.22,2.89,1,1
79,44.49,17.9,11.55,1.62,3,1
53,38.86,11.29,10.22,2.73,9,1
100,18.19,8.98,10.94,3.46,4,1
90,24.75,16.75,13.25,2.84,0,0
111,37.77,13.81,8.32,3.21,4,0
61,13.29,16.65,4.86,2.73,2,0
39,27.27,8.72,10.59,2.46,2,0
110,49.86,16.02,12.01,3.92,0,1
154,28.37,13.17,8.52,1.94,0,0
82,39.54,13.02,12.9,1.27,3,0
163,36.57,11.81,6.58,3.35,2,0
105,17.48,23.94,10.26,3.56,2,0
97,40.77,18.26,6.45,2.35,2,0
161,56.59,27.01,7.23,1.46,4,1
89,30.55,25.48,8.34,2.05,1,0
144,17.85,10.35,9.97,1.0,0,0
142,39.46,14.3,8.88,2.67,1,0
125,34.22,3.59,5.66,1.46,1,0
68,29.36,11.82,7.84,3.16,2,0
88,14.57,18.84,8.58,3.13,4,1
154,24.8,17.7,8.14,3.89,0,1
88,24.53,13.29,9.66,2.11,3,0
109,31.3,17.99,10.93,2.67,1,0
115,26.38,19.63,11.77,1.22,0,0
54,27.51,23.21,6.93,3.7,0,0
119,26.27,16.46,8.14,3.62,2,0
174,28.53,17.45,5.85,3.92,4,1
100,19.26,16.82,12.8,3.16,4,1
90,37.71,17.32,9.71,2.27,1,0
68,16.0,12.55,9.61,2.73,0,0
125,21.54,13.22,9.28,3.89,2,0
86,28.25,21.7,10.26,1.46,1,0
94,18.36,20.56,11.34,2.81,3,0
123,19.52,12.75,12.09,2.59,2,0
95,22.02,21.16,12.06,3.21,1,0
138,29.14,9.79,10.1,4.59,3,0
133,21.64,21.36,6.08,2.78,1,0
87,14.04,19.07,7.36,2.57,3,0
120,34.34,15.67,7.92,2.0,2,1
75,42.31,14.52,4.7,3.02,1,0
31,17.02,20.94,11.48,1.59,0,0
141,36.62,27.94,7.22,2.11,1,0
134,41.21,13.0,14.32,3.19,1,0
106,20.26,19.41,8.91,2.27,2,0
80,34.63,18.39,6.94,2.05,2,0
131,42.43,19.31,10.8,2.05,3,0
139,35.89,17.59,8.73,1.51,0,0
80,27.3,20.15,11.03,2.89,1,0
135,33.12,20.0,7.85,2.97,1,0
130,34.66,16.3,5.96,3.27,3,0
122,24.51,18.04,7.62,2.57,0,0
147,26.69,8.76,9.53,1.92,0,0
166,8.11,22.47,10.58,3.56,0,1
56,30.21,18.33,10.65,2.84,1,0
33,31.35,17.32,10.68,2.51,3,0
94,35.19,14.23,10.72,0.7,1,0
122,26.71,15.72,8.87,2.3,4,1
73,26.71,22.85,8.17,2.7,0,0
77,10.61,14.44,9.43,1.54,5,1
107,27.47,16.62,11.45,3.7,1,0
106,26.98,5.47,8.93,2.75,1,0
98,38.61,10.24,5.27,1.27,5,1
111,25.87,11.66,8.37,2.65,0,0
140,29.44,16.73,9.42,3.02,3,0
120,26.86,16.75,6.97,2.7,1,0
46,21.22,13.37,8.97,2.32,2,0
40,18.6,20.8,12.46,1.92,0,0
87,36.38,15.3,6.05,2.86,0,0
138,31.26,20.46,8.36,4.05,1,0
120,36.06,17.8,7.52,1.43,1,1
149,31.89,17.12,11.89,2.38,1,0
87,28.19,15.89,11.24,0.0,1,0
70,28.93,13.19,10.29,4.05,1,0
96,29.36,11.34,11.68,2.65,1,0
108,26.21,9.55,11.09,4.16,4,1
124,26.96,17.95,8.07,2.75,3,0
138,33.35,15.0,10.46,4.1,0,1
40,19.67,10.86,4.84,2.51,1,0
113,27.17,17.86,7.88,3.54,2,0
73,37.03,18.75,12.48,2.78,1,1
148,26.11,22.28,10.15,2.65,2,0
100,34.53,18.45,8.14,3.65,3,0
160,29.1,20.7,8.02,3.51,2,0
85,35.67,16.53,9.02,3.05,0,0
131,36.41,13.74,11.91,2.57,3,0
161,26.54,15.33,8.08,3.0,2,0
79,30.24,14.22,10.07,4.1,0,0
73,33.05,14.96,10.35,3.11,0,0
10,31.64,16.17,12.73,3.08,2,0
89,15.25,15.28,6.56,2.57,2,0
45,27.17,10.23,7.34,2.86,2,0
127,45.32,22.51,9.32,1.59,1,1
74,32.93,20.92,6.21,3.94,2,0
154,59.64,18.4,11.43,2.73,1,1
75,19.94,17.09,4.86,3.29,1,0
85,36.09,19.41,7.35,2.08,0,0
106,22.73,15.96,8.19,2.89,1,1
80,40.78,12.1,16.39,2.51,1,0
91,24.65,14.94,10.07,4.51,2,1
107,50.13,16.39,6.66,3.56,1,1
137,25.02,16.39,7.77,2.75,1,0
137,40.34,15.02,11.85,3.83,0,1
75,35.92,8.98,7.92,2.62,4,1
35,41.09,12.07,13.0,2.54,1,0
90,36.53,10.01,6.02,3.19,2,0
85,36.72,16.0,6.62,0.97,2,0
141,31.88,20.52,10.33,2.84,3,0
112,36.52,17.82,7.4,2.54,3,0
169,40.07,11.64,9.94,3.59,1,0
105,23.9,15.18,9.76,1.84,2,0
122,28.99,14.76,11.19,3.05,1,0
186,12.63,15.07,13.33,3.92,2,0
41,32.59,16.41,6.72,3.0,1,0
122,22.81,19.32,5.51,2.3,2,0
161,50.64,20.24,10.82,2.4,1,1
168,21.9,8.92,6.35,3.02,1,0
101,18.0,19.69,12.66,2.89,1,0
124,22.41,24.17,13.75,3.05,1,0
137,43.86,20.95,7.79,2.94,0,1
70,25.98,15.61,6.83,2.84,1,0
94,42.94,14.37,7.69,3.0,2,0
63,30.69,19.55,10.46,2.86,0,0
45,35.92,14.08,11.97,3.59,1,0
83,30.4,14.27,8.05,2.32,3,0
87,21.25,20.0,9.69,2.75,2,0
153,32.95,16.6,8.22,2.3,1,0
109,26.32,24.45,9.38,1.59,3,0
138,41.11,14.49,13.29,3.19,3,0
38,33.52,21.24,13.45,1.05,0,0
74,14.57,21.05,6.41,2.73,2,0
108,49.57,18.79,10.31,3.78,2,1
121,44.73,23.74,5.72,2.62,5,0
111,30.07,8.74,9.62,2.84,4,1
111,32.83,9.49,10.23,3.27,1,0
75,38.44,17.13,11.08,2.78,1,0
132,30.04,20.75,7.93,2.46,2,0
90,26.64,20.1,5.54,3.4,2,0
120,26.1,18.62,10.68,3.08,0,0
16,34.95,14.41,9.9,2.94,0,0
129,33.42,15.35,11.03,1.78,1,0
101,23.15,18.78,8.86,3.59,3,0
95,40.34,13.09,10.67,3.02,1,0
40,29.02,15.22,12.69,2.21,3,0
99,33.52,13.26,9.18,2.67,4,0
122,5.97,15.37,11.32,3.43,1,0
128,40.44,21.05,9.4,3.75,1,1
104,24.57,15.34,10.17,4.59,2,0
136,25.94,17.76,5.36,1.35,1,0
116,10.83,16.64,9.45,2.7,1,0
98,23.14,13.29,7.15,2.73,2,0
152,40.65,17.77,12.07,3.59,5,0
179,37.26,12.7,11.01,1.65,0,0
118,49.22,14.16,5.36,2.57,1,0
138,21.61,21.05,9.35,1.35,3,0
115,45.56,13.06,10.45,4.59,3,0
75,32.39,15.16,7.31,3.54,1,0
149,25.25,9.73,8.02,1.76,0,0
65,18.87,18.68,9.09,1.19,1,0
137,35.0,17.79,13.05,3.92,2,0
128,45.58,10.24,9.94,3.89,2,0
114,38.39,16.41,10.46,2.27,4,0
93,36.87,17.63,9.98,4.73,1,1
87,29.1,15.79,10.24,2.92,1,0
114,35.05,22.1,13.12,3.08,1,0
3,23.63,21.31,12.88,1.65,4,0
204,29.63,21.6,7.94,1.59,6,0
54,36.4,20.44,8.5,2.73,1,0
150,23.73,28.29,9.62,2.38,2,0
112,28.49,13.13,12.66,4.67,2,0
93,30.38,15.18,5.71,2.16,2,0
92,33.49,22.89,7.15,2.92,1,0
132,14.18,19.74,6.6,2.05,1,0
102,17.44,20.91,7.67,2.46,2,0
27,34.2,19.31,6.56,2.27,2,0
127,30.75,17.81,11.25,2.0,2,0
209,43.37,19.6,9.81,2.3,3,1
48,33.69,17.24,6.59,1.38,1,0
122,39.12,24.45,7.97,1.86,2,0
134,31.25,10.5,7.23,1.65,1,0
4,24.7,25.82,9.27,2.4,0,0
110,37.86,8.99,9.67,3.65,1,0
93,31.88,14.43,7.89,3.27,1,0
64,30.96,14.42,7.41,2.86,2,0
113,35.6,29.52,11.07,2.0,1,1
61,46.02,17.06,9.08,2.94,3,0
79,17.6,27.14,10.8,2.27,2,0
82,32.16,15.67,11.51,2.86,3,1
87,23.17,14.64,6.19,1.92,0,0
97,25.77,13.21,10.8,3.97,1,0
122,28.61,7.45,11.12,2.27,1,0
84,23.56,16.92,9.18,2.11,0,0
71,19.62,18.48,10.8,3.54,1,0
177,38.73,13.75,9.76,2.16,1,0
106,37.52,22.97,5.47,2.35,1,0
68,24.41,11.42,9.7,4.19,2,0
130,43.72,19.07,9.18,3.4,1,0
97,22.64,18.46,3.18,2.97,1,0
117,26.98,15.44,7.98,2.08,2,0
125,34.58,10.94,8.57,2.97,1,0
65,38.11,16.12,10.03,2.65,0,0
86,15.78,13.57,6.69,2.38,1,0
61,45.41,15.33,10.38,4.67,1,1
147,35.6,11.26,6.72,3.05,2,0
120,38.68,19.97,7.49,2.43,1,0
56,24.84,16.68,13.95,2.48,0,0
155,34.58,16.23,8.82,2.4,0,1
63,21.88,20.47,10.7,3.46,1,0
86,29.97,22.03,12.93,1.67,0,0
131,22.37,15.24,11.3,4.19,1,1
136,42.53,22.7,6.8,3.51,1,1
98,28.05,17.22,7.75,3.38,1,1
105,25.11,18.93,7.36,3.46,2,0
130,36.18,16.13,7.65,2.86,0,1
103,14.82,14.39,7.5,2.94,6,1
94,33.0,19.31,8.57,4.13,1,0
38,19.94,17.74,9.15,3.89,2,0
115,41.68,13.52,10.35,1.94,0,0
131,40.95,14.23,14.5,3.97,3,0
31,28.12,17.31,9.08,2.21,1,0
132,49.5,19.91,8.63,2.4,1,1
185,25.69,20.8,6.95,3.73,2,0
58,36.02,23.32,9.47,1.46,1,0
174,32.66,14.44,7.5,3.08,1,0
95,45.73,19.86,8.07,1.97,2,1
48,23.99,19.1,7.84,3.56,1,0
129,34.77,11.29,8.55,4.0,2,0
98,35.11,14.98,10.48,3.35,5,0
70,39.58,25.79,11.5,3.48,0,1
99,10.69,19.64,7.6,2.3,1,0
161,29.48,18.16,6.37,3.11,1,0
103,32.27,9.82,8.61,3.29,0,0
124,27.4,17.36,10.42,2.4,1,0
133,29.58,17.8,10.08,3.81,2,1
46,26.59,15.77,10.2,3.19,1,0
162,31.37,19.04,8.12,3.13,1,0
93,52.05,16.12,10.81,3.16,0,0
163,32.52,16.48,12.08,3.46,1,0
162,38.23,16.0,11.46,3.27,0,0
92,43.49,12.13,8.15,3.16,0,0
163,42.11,22.91,7.53,2.59,0,1
159,43.71,26.54,8.24,2.38,1,1
41,33.05,21.67,7.21,4.64,2,0
51,30.69,11.45,7.68,2.7,2,0
90,25.19,18.73,6.04,2.48,4,1
102,26.86,17.67,8.57,2.73,0,0
80,21.13,14.71,11.39,2.13,1,0
12,36.84,9.9,9.9,2.65,2,0
115,35.05,14.99,13.37,2.97,1,0
99,41.19,29.83,7.34,3.05,0,1
162,30.55,18.54,9.55,2.51,1,1
36,29.77,18.44,10.97,2.67,1,0
199,39.2,18.65,13.47,2.16,0,0
148,15.91,16.47,6.52,4.73,1,0
146,35.07,12.63,7.52,1.65,1,0
70,42.42,22.07,10.02,2.65,1,0
89,18.9,10.38,8.14,3.4,3,0
118,20.08,9.32,11.05,4.56,1,0
13,53.65,17.76,11.7,3.27,3,0
165,36.82,16.22,10.11,3.35,0,0
50,43.88,13.72,10.13,3.16,1,0
124,24.36,19.61,9.64,2.11,4,1
111,28.25,20.3,4.9,3.02,3,0
84,32.47,27.1,11.13,1.76,0,0
74,26.71,18.11,12.62,2.05,2,0
147,21.15,27.28,7.07,2.81,2,0
98,26.93,26.06,6.49,0.57,1,0
123,17.85,21.39,11.61,4.02,0,0
93,46.17,19.5,3.48,2.94,2,0
120,25.36,16.46,11.2,3.0,1,0
58,22.42,14.25,9.27,3.97,3,0
122,27.71,26.59,9.0,3.13,1,0
135,26.25,17.32,7.14,3.19,0,0
75,35.75,20.55,9.71,3.54,4,0
179,29.02,16.24,9.66,3.59,1,0
116,41.8,20.41,7.14,2.4,3,0
139,32.78,19.92,9.14,3.51,3,0
45,26.47,22.13,8.65,2.97,1,0
46,35.73,19.32,9.0,3.54,1,0
20,29.16,13.01,7.45,1.92,0,0
161,33.01,21.2,11.47,3.48,1,1
127,22.93,18.83,5.12,4.05,1,0
77,40.66,12.75,7.24,2.78,5,0
52,36.7,18.45,15.43,1.4,1,0
41,35.22,18.2,8.69,3.21,1,0
129,9.3,21.77,7.95,3.0,1,0
105,36.04,19.26,8.71,2.4,3,0
84,35.28,17.09,7.4,2.03,4,0
21,22.56,17.39,6.96,3.48,3,0
92,33.52,20.6,8.64,2.97,2,0
98,20.57,18.61,10.2,3.24,1,0
117,33.73,21.21,7.33,2.84,1,0
120,30.12,22.98,10.42,3.78,2,0
93,45.22,11.06,7.46,3.54,3,0
29,33.25,10.74,6.69,3.83,1,0
89,23.99,21.17,6.12,2.92,2,0
76,50.92,19.27,9.48,3.7,0,1
89,18.0,16.12,7.69,3.43,0,0
6,38.51,12.93,7.4,2.54,3,0
80,33.12,17.84,8.73,3.46,0,0
69,38.79,22.41,6.42,2.89,3,0
130,36.23,17.53,7.35,2.4,0,0
170,30.28,20.64,10.93,3.51,0,0
126,40.75,23.94,8.26,3.08,1,1
125,32.57,17.48,9.46,2.48,2,0
157,30.67,16.49,10.23,2.27,0,0
125,23.31,17.83,10.73,2.32,1,0
133,30.06,15.94,8.86,1.76,2,0
97,15.3,23.49,8.33,2.32,2,1
99,36.92,20.97,10.17,4.27,3,0
99,40.53,20.95,8.93,3.35,3,0
78,14.91,18.26,9.06,2.92,1,0
49,20.3,23.23,9.65,3.35,2,0
134,34.9,20.44,8.06,1.35,1,0
141,8.82,13.77,10.06,2.73,3,0
171,32.27,14.76,11.57,2.78,0,0
120,36.69,24.24,8.64,1.86,1,0
99,33.69,17.62,8.59,2.35,4,0
119,39.36,22.69,9.49,2.0,1,0
82,27.85,11.47,3.57,2.38,2,0
144,34.6,21.05,8.74,3.21,0,0
172,46.73,15.86,11.03,2.38,1,0
68,24.14,20.54,13.59,3.05,1,0
55,18.04,10.5,4.34,3.48,0,0
110,32.69,10.99,6.13,1.7,1,0
103,28.32,16.35,7.56,2.08,1,0
166,30.84,21.57,5.05,3.13,1,0
115,21.71,15.55,7.78,2.86,1,0
161,37.69,16.41,8.73,1.76,3,0
98,27.37,16.23,10.25,3.27,4,0
111,24.85,22.23,7.34,2.35,3,0
96,44.42,18.78,8.07,3.05,1,0
143,28.53,17.94,6.91,2.84,4,1
21,37.94,18.4,9.66,3.35,1,0
137,18.79,18.97,7.63,2.84,3,0
27,40.24,19.71,7.41,3.43,1,0
158,33.3,7.57,13.6,2.78,1,0
117,35.29,12.98,10.48,2.62,1,0
116,18.85,18.14,8.38,2.13,2,0
90,18.68,18.77,4.68,2.94,0,0
83,26.5,13.8,5.74,3.54,3,0
113,15.4,14.5,6.18,1.46,1,0
129,26.69,21.84,8.35,3.27,2,0
82,35.22,21.6,7.62,2.57,2,0
75,28.34,12.61,8.41,2.73,3,0
144,34.19,25.8,10.08,3.56,1,0
136,34.77,17.75,10.08,2.65,0,0
119,29.26,19.01,6.75,3.75,1,1
64,38.3,9.2,6.28,4.67,1,1
142,26.18,14.09,12.15,2.92,1,0
88,25.99,14.55,11.57,3.24,2,0
102,17.53,23.38,6.35,3.02,1,0
88,11.12,14.3,10.62,3.73,2,0
41,39.46,27.8,10.19,2.94,3,1
81,40.31,22.46,12.21,2.13,1,0
93,24.09,18.79,10.22,2.75,0,0
37,39.73,17.67,9.57,3.24,2,0
105,35.63,12.49,5.44,2.86,2,0
107,17.58,16.09,10.22,3.89,1,0
32,29.1,15.78,9.15,2.75,1,0
116,34.31,19.68,10.17,4.46,0,0
144,25.5,24.3,8.58,2.54,0,0
61,17.85,15.35,7.83,2.75,2,1
91,32.18,20.34,4.04,2.67,3,0
113,31.62,20.18,6.66,3.29,1,0
135,41.96,15.96,6.95,3.4,1,0
64,19.35,16.35,9.67,2.81,3,0
33,31.03,19.73,6.71,2.03,2,0
73,33.69,11.82,8.96,2.38,2,0
101,15.95,12.75,10.85,2.89,1,0
63,27.97,12.57,11.37,3.02,0,0
76,28.17,21.88,7.69,2.7,1,0
50,51.29,14.2,3.25,2.84,1,0
110,31.96,7.69,6.76,4.13,3,0
114,24.02,19.58,10.07,2.54,3,0
42,30.72,14.84,7.44,3.24,2,0
140,40.04,21.86,4.64,3.11,2,0
142,39.53,15.45,9.14,2.81,4,0
123,27.73,21.2,7.57,2.43,1,0
120,50.92,13.89,6.6,3.13,0,0
103,35.11,15.32,9.93,3.29,3,0
41,40.77,18.86,8.51,1.97,2,0
66,15.1,9.32,7.77,1.92,3,0
81,26.1,16.8,8.93,1.7,2,0
68,21.37,23.45,9.65,3.83,3,1
100,36.31,14.95,9.32,2.4,1,0
139,39.27,18.9,6.66,2.24,2,0
155,42.64,12.96,6.66,2.7,2,0
80,17.99,3.73,8.53,3.54,0,0
75,34.56,19.46,10.0,3.86,1,0
68,29.92,23.62,7.86,3.97,1,0
107,22.81,18.01,7.54,2.21,1,0
101,21.03,14.67,12.62,2.38,1,1
146,18.89,26.64,9.71,2.84,1,0
102,24.55,22.65,9.79,1.92,0,0
177,29.87,14.33,8.95,3.94,1,0
132,32.32,15.49,12.59,3.51,1,0
93,16.73,21.22,11.17,3.83,1,0
232,28.15,16.65,5.32,3.19,1,0
118,26.32,20.74,7.18,3.46,0,0
127,44.49,15.45,4.54,0.89,0,0
105,38.57,15.49,9.18,3.13,0,1
52,21.98,12.13,11.62,3.32,3,0
122,18.34,20.04,10.29,2.57,2,0
141,31.52,15.17,9.82,2.16,4,0
67,20.55,19.98,4.28,3.08,2,0
98,29.19,14.86,8.53,2.11,1,0
212,38.42,25.89,8.15,3.4,2,1
69,33.17,22.23,9.17,3.08,0,0
138,37.43,7.51,8.79,3.48,0,0
149,30.72,15.96,11.95,3.4,3,0
69,33.13,16.29,6.89,3.56,2,0
148,13.19,17.6,11.51,2.94,1,0
110,35.36,8.08,8.03,2.16,1,0
127,41.68,18.46,10.94,3.75,0,1
112,33.8,20.28,13.03,3.11,1,0
150,21.42,20.27,12.83,2.75,3,0
77,35.65,15.61,9.25,1.92,2,0
182,29.94,14.87,10.56,2.62,1,0
56,37.72,23.65,12.96,1.92,0,1
86,24.77,16.24,9.7,3.05,0,0
121,40.31,17.48,8.85,2.73,4,0
79,34.97,18.23,10.17,1.81,1,0
97,19.99,16.69,7.08,1.73,1,0
137,18.67,19.59,11.51,3.21,1,0
89,21.96,18.2,9.67,2.78,5,1
93,45.54,18.96,11.82,3.05,3,1
162,8.36,12.23,9.14,3.27,1,0
80,17.19,22.37,6.2,1.97,0,0
42,24.87,21.75,2.03,2.16,1,0
99,41.5,17.29,10.53,2.08,3,0
120,31.37,17.77,7.64,2.75,2,0
22,30.96,13.99,5.8,3.43,3,0
24,41.31,15.63,8.29,4.13,0,1
161,37.15,9.58,9.23,1.97,1,0
81,24.75,24.47,8.18,2.48,2,0
73,39.9,16.63,11.4,2.27,2,0
81,38.66,17.98,11.62,3.21,0,0
89,55.47,14.03,7.33,2.03,1,1
112,10.3,14.1,5.98,3.59,0,0
82,17.17,13.23,13.7,3.59,0,0
209,38.62,21.96,8.26,2.4,3,0
110,17.02,19.83,9.2,3.0,3,0
182,47.52,17.27,7.84,2.89,2,1
163,39.42,18.0,12.08,3.32,2,0
107,24.97,9.72,5.15,3.08,3,0
86,21.47,14.35,6.96,2.65,2,0
85,24.55,22.49,8.34,2.67,1,0
36,43.08,15.5,12.41,2.27,1,0
103,43.5,11.98,13.9,3.27,1,1
111,29.99,17.09,6.77,3.02,0,0
130,31.45,21.21,7.1,2.0,0,0
106,36.19,15.9,5.76,1.7,3,0
107,27.25,18.83,11.77,1.51,1,0
67,19.64,21.44,9.4,2.03,0,0
58,19.07,17.82,11.74,3.75,0,1
166,37.52,15.11,9.27,3.35,1,0
78,32.88,9.94,10.95,2.51,2,0
90,25.52,22.5,8.03,1.57,1,0
128,30.5,22.98,8.59,2.13,0,0
93,22.34,18.67,7.01,3.0,1,1
141,25.76,20.59,13.69,2.92,1,0
47,24.02,14.28,5.11,2.11,1,0
65,41.77,20.56,12.84,1.13,4,1
23,32.33,14.14,9.89,4.05,6,0
68,39.29,13.04,8.61,2.59,3,0
63,35.29,19.47,7.32,3.59,1,0
159,46.89,16.11,10.08,2.0,2,1
154,26.27,18.21,8.01,3.24,3,1
85,40.09,13.36,8.47,3.24,0,0
66,34.87,19.78,11.7,2.48,2,0
58,24.28,23.15,8.7,2.4,1,0
164,27.3,13.87,8.42,2.43,1,0
127,37.43,16.01,7.77,3.16,2,0
141,27.22,21.82,12.15,1.89,2,0
55,32.18,10.08,11.26,3.38,2,0
87,43.55,13.66,11.22,2.0,4,0
119,22.93,17.98,8.48,3.05,1,0
82,33.88,16.44,11.45,1.89,0,0
90,24.21,10.73,12.34,1.24,1,0
92,36.11,19.09,9.96,2.43,1,0
110,32.74,15.21,9.66,2.54,1,0
130,46.21,20.16,9.45,2.35,4,1
79,40.26,15.84,5.71,2.81,2,0
45,33.46,21.61,11.78,2.08,1,0
113,30.67,11.0,7.51,2.27,1,0
192,37.67,24.24,7.53,3.43,4,0
37,29.39,15.56,10.19,2.65,0,1
115,24.65,16.53,10.9,3.83,2,0
79,24.99,14.08,10.94,2.27,1,0
137,26.44,11.31,11.39,2.46,1,0
1,33.34,25.2,9.52,1.89,1,0
96,44.27,12.41,12.13,3.11,5,0
61,42.91,15.96,11.68,2.7,2,0
176,28.82,9.6,2.55,2.35,0,0
147,43.21,19.39,4.41,3.73,5,0
69,28.48,20.58,4.55,3.08,2,0
64,20.13,12.25,7.11,2.3,1,0
125,45.63,18.89,5.29,2.78,0,0
35,30.46,24.08,12.84,1.57,2,0
160,16.58,22.79,11.49,3.56,3,0
25,45.03,23.9,7.47,2.27,1,1
90,26.84,19.89,9.45,3.29,2,0
138,7.91,15.81,7.54,2.59,4,1
72,18.55,9.83,13.31,2.24,0,0
27,32.95,10.11,6.12,2.48,0,0
102,46.09,14.62,7.61,2.78,1,0
65,31.94,13.4,10.23,2.03,1,0
104,23.58,18.31,7.39,1.32,2,0
132,36.48,21.39,10.84,3.75,0,0
103,29.7,12.58,7.57,4.27,6,1
115,24.16,15.59,7.42,2.59,1,0
123,25.5,7.63,14.67,3.0,3,0
116,27.1,15.26,7.55,2.62,6,1
98,0.0,13.57,7.52,1.84,4,1
138,45.63,14.82,8.71,3.13,1,0
143,34.48,14.09,6.48,1.24,1,0
53,24.67,19.86,9.39,2.13,2,0
67,17.83,18.39,9.78,2.59,1,0
19,31.64,21.62,9.63,3.94,2,0
118,26.61,17.78,7.14,3.0,4,1
47,8.13,15.21,6.87,3.59,0,1
34,21.9,17.74,9.09,3.78,1,0
101,22.7,18.67,9.45,3.16,1,0
58,39.92,9.08,8.03,2.67,0,0
84,36.74,16.79,9.8,2.65,1,0
200,21.79,11.32,7.99,3.02,1,0
62,25.01,16.18,8.78,3.29,0,0
97,23.97,18.02,7.88,1.32,3,0
115,38.49,23.53,9.6,3.32,3,1
89,33.51,14.1,10.23,3.46,1,0
70,29.82,13.56,11.73,3.13,0,0
75,37.81,27.8,9.36,2.35,1,1
51,39.51,15.93,10.4,2.46,1,0
11,24.38,24.6,8.73,2.62,2,0
51,39.05,28.56,8.68,2.59,1,1
16,39.03,17.48,7.48,2.92,0,1
63,32.3,9.91,6.37,3.29,1,0
126,35.97,18.44,6.91,2.11,1,0
58,42.02,25.81,4.74,2.51,2,1
92,15.59,16.46,7.88,2.48,2,0
105,39.54,21.54,6.93,2.84,1,0
67,34.24,8.3,9.11,1.89,0,0
86,24.02,13.12,9.48,2.21,1,0
91,25.33,20.85,11.7,2.24,0,0
41,30.96,17.98,9.33,1.84,1,0
69,33.2,18.42,11.7,3.38,3,0
74,29.68,26.4,10.56,2.43,1,0
62,41.7,10.45,10.28,2.3,4,0
131,11.75,8.61,4.72,2.46,0,0
182,21.78,12.19,8.59,3.13,1,0
133,37.59,22.52,7.6,4.16,2,1
171,39.3,16.04,9.31,3.32,1,0
123,19.45,18.41,11.28,2.97,0,0
96,24.79,16.34,7.43,2.67,1,0
103,26.1,20.56,11.01,2.86,1,0
146,28.82,19.63,12.14,2.43,2,0
69,24.41,12.05,8.73,2.92,3,0
23,54.67,21.39,6.35,3.05,2,1
25,22.83,17.2,8.82,3.4,2,0
83,16.3,22.24,10.29,3.59,0,0
44,10.59,23.38,6.24,2.92,1,0
105,30.5,23.41,11.07,2.7,0,0
118,25.28,14.22,12.18,2.81,0,0
88,37.09,14.39,6.35,2.16,1,0
103,32.45,19.26,10.35,2.11,2,0
169,45.34,13.45,12.95,3.73,3,1
73,36.21,16.05,6.13,3.65,0,0
114,29.67,19.06,5.23,3.32,2,0
105,44.08,14.89,10.01,3.24,3,0
169,17.14,19.55,8.71,2.57,0,0
128,24.19,16.56,10.77,4.32,1,0
120,28.05,26.96,5.36,2.24,1,0
113,15.74,15.1,7.19,3.89,3,0
63,31.5,19.15,8.74,3.16,0,0
87,37.94,10.84,13.02,3.92,3,0
60,30.48,17.76,11.17,3.65,1,1
63,36.01,19.63,9.77,2.89,3,0
93,32.42,18.55,5.83,2.19,3,0
88,32.64,10.85,7.0,2.03,1,0
105,36.28,17.42,8.09,2.57,1,0
35,21.11,10.53,6.11,3.54,2,0
84,26.16,11.96,9.8,3.46,1,0
93,30.48,16.05,11.39,3.27,1,0
183,29.1,16.46,8.84,2.75,1,0
112,36.21,19.23,8.54,3.0,4,0
130,24.12,19.46,8.78,2.35,0,0
132,33.63,11.38,7.98,2.94,4,1
201,38.4,25.42,11.31,3.02,1,1
149,21.57,14.19,6.53,2.38,5,1
116,27.32,12.48,12.95,2.21,0,0
90,31.55,18.67,6.84,3.0,2,0
129,34.85,14.06,8.32,3.16,1,0
96,29.89,17.56,8.01,3.0,2,0
52,42.74,16.71,8.64,2.97,0,1
72,37.03,16.12,8.22,2.81,4,0
93,28.37,23.22,7.69,3.11,1,0
92,31.4,22.27,10.78,3.32,2,1
77,31.6,18.02,12.7,3.05,3,0
76,22.05,15.09,10.3,2.03,5,1
64,38.22,16.15,9.96,2.48,1,0
110,30.35,12.49,9.77,2.67,1,0
73,43.3,7.67,6.9,2.86,0,0
100,21.28,19.63,8.64,3.4,3,0
139,28.05,21.22,7.66,3.4,1,0
112,46.33,19.22,7.16,4.43,3,1
100,36.75,18.33,6.23,2.75,0,0
46,33.44,17.5,9.75,3.02,3,0
111,32.52,11.77,11.07,1.73,2,0
68,36.36,22.14,10.52,2.27,1,1
113,36.7,20.41,7.05,1.32,3,0
134,34.46,19.12,11.43,3.27,0,0
61,43.25,13.74,11.31,2.84,0,0
3,31.45,17.31,7.67,3.81,3,0
144,23.73,10.56,4.3,4.05,2,0
66,19.79,8.13,8.17,2.84,3,0
143,37.96,14.2,9.14,1.22,0,1
116,23.36,10.2,5.86,3.35,3,0
77,39.1,8.77,13.93,3.05,2,0
30,28.88,19.14,7.64,3.08,1,0
83,33.15,17.89,8.13,2.97,0,0
3,20.08,18.83,4.68,3.21,2,0
52,25.21,15.44,7.0,2.24,3,0
93,55.78,12.89,13.66,2.35,1,1
95,26.62,21.05,8.65,3.32,3,0
57,47.58,18.96,11.33,3.51,1,0
145,31.94,16.75,7.52,1.3,2,0
104,12.99,9.83,10.18,2.54,3,0
152,23.89,15.88,10.22,2.57,2,0
98,18.79,19.36,10.96,2.97,1,0
142,27.76,11.56,11.21,1.16,0,0
102,29.67,18.16,7.41,2.78,4,0
88,30.86,15.9,9.91,2.84,1,0
121,17.56,10.97,7.52,2.89,0,0
63,24.23,17.71,10.3,2.03,2,0
94,41.34,12.5,4.27,1.94,4,0
69,33.01,20.58,9.71,2.62,2,0
189,35.41,20.12,8.06,3.05,3,0
177,45.24,19.14,10.11,2.4,3,1
48,25.84,22.0,11.84,4.24,2,1
128,37.76,13.65,9.85,3.67,0,1
112,45.22,18.24,13.78,3.83,2,1
88,28.34,15.24,10.92,1.84,4,1
95,25.36,22.16,9.05,2.19,1,0
87,18.85,13.47,9.34,1.67,1,0
56,20.69,15.64,12.0,3.43,1,0
116,37.57,12.84,8.06,2.43,2,0
131,29.58,17.45,9.82,1.81,1,0
119,37.42,22.8,6.59,3.0,0,0
64,37.26,14.2,7.26,2.7,1,0
103,28.53,18.1,9.37,3.51,5,0
113,40.75,24.05,10.73,2.35,2,1
124,30.33,19.86,8.07,3.24,0,0
63,10.01,14.42,9.51,2.54,1,0
128,17.56,20.9,7.25,1.73,0,0
67,22.03,19.81,13.37,3.92,1,0
136,42.91,14.27,11.17,2.89,2,0
73,36.43,22.82,10.85,2.92,1,0
160,29.95,16.66,11.88,2.48,1,0
71,40.46,23.67,8.69,3.19,0,1
40,28.85,12.02,11.39,2.84,4,1
50,36.43,24.63,14.06,2.86,1,0
108,22.12,14.2,11.01,3.67,3,1
70,30.16,19.23,11.43,2.94,0,0
130,23.65,20.91,9.32,3.08,5,0
34,25.67,11.17,8.4,2.67,0,0
179,39.87,13.96,8.61,1.65,1,0
60,23.02,17.5,9.18,2.13,1,0
88,29.38,16.44,4.03,3.46,2,0
148,39.7,15.95,5.5,2.59,0,1
181,27.42,10.57,11.79,3.81,0,1
102,20.93,15.47,11.01,3.4,2,0
88,24.17,22.3,6.26,2.73,1,0
51,31.13,13.61,14.03,1.89,1,0
119,16.01,22.45,9.17,1.97,1,0
164,32.66,21.23,5.97,1.97,3,0
129,35.87,13.18,10.57,3.08,1,0
134,28.03,10.75,10.73,2.7,2,0
66,28.99,21.62,8.88,2.84,2,0
30,27.59,20.74,8.1,2.46,2,0
122,41.45,7.13,8.09,3.7,2,0
139,23.63,11.3,12.24,3.27,0,0
134,27.54,27.6,7.2,3.21,0,0
123,34.75,11.69,10.17,2.7,0,0
74,37.59,9.42,10.8,2.86,0,0
61,32.11,13.06,9.6,2.75,2,0
127,42.08,9.22,10.44,2.86,2,0
107,41.12,10.79,8.35,3.16,0,0
86,12.02,17.94,7.86,0.0,2,0
117,36.45,11.73,6.69,2.67,2,0
121,22.8,16.58,7.18,2.84,2,0
37,35.02,15.81,13.82,2.27,0,0
148,2.99,13.74,9.14,2.86,1,0
132,34.05,19.26,8.95,3.48,2,0
13,24.89,12.62,9.75,3.05,1,0
36,39.97,16.73,11.69,1.89,3,0
137,17.8,21.23,8.65,2.4,1,0
56,15.49,15.24,13.53,3.21,2,0
72,28.31,22.19,11.82,3.59,0,0
95,38.91,21.73,9.36,2.73,4,1
158,37.88,17.26,9.48,1.86,2,0
159,33.8,16.62,9.6,4.46,5,0
131,32.76,19.2,11.44,2.94,2,0
62,23.34,15.66,10.41,2.75,0,0
165,25.59,16.41,14.02,2.78,1,0
136,24.19,13.43,7.99,1.62,2,0
123,35.17,19.07,8.88,2.24,3,0
65,26.16,18.71,12.62,2.3,2,0
130,36.75,30.91,5.7,4.56,5,1
52,34.75,23.22,8.08,2.97,1,0
165,35.31,14.01,2.45,2.13,0,0
1,24.62,9.56,9.84,3.73,1,0
74,26.2,10.49,9.09,2.94,2,0
112,44.44,13.13,5.89,3.13,1,0
127,41.17,19.22,11.34,3.75,2,1
106,33.56,10.49,5.2,3.32,3,0
124,39.85,15.24,12.85,2.81,3,0
122,23.8,16.69,5.4,2.62,4,1
132,27.74,14.25,3.94,1.67,1,0
189,37.38,12.18,5.88,3.16,1,0
99,37.81,15.79,10.7,3.24,2,0
172,35.99,16.89,13.58,1.76,1,0
52,29.05,17.12,7.15,1.11,2,0
94,20.18,17.43,7.75,2.81,3,0
95,39.08,17.2,7.71,3.83,1,0
112,28.97,17.02,11.62,3.13,1,0
75,23.55,13.02,9.7,3.0,1,0
130,35.9,19.64,9.94,1.7,2,0
100,35.85,27.99,5.72,2.54,4,0
112,33.05,16.18,8.25,3.08,0,0
54,19.86,10.46,9.79,3.24,1,0
176,8.06,14.26,7.34,2.84,2,0
125,39.66,17.83,9.48,2.46,1,0
85,19.75,19.52,9.19,2.73,3,0
79,26.79,16.5,10.42,2.54,5,1
76,34.61,13.74,7.92,2.27,0,0
117,34.32,18.05,7.96,2.11,1,0
86,45.24,15.47,9.29,2.78,1,0
125,19.21,14.38,7.05,2.48,2,1
134,30.12,19.44,8.74,2.4,2,0
127,37.57,13.66,10.49,1.84,2,0
107,10.2,8.69,11.78,3.0,0,0
87,25.74,12.95,11.25,0.0,1,0
161,30.28,12.45,6.19,2.3,1,0
146,23.53,13.51,2.13,1.05,4,1
121,37.09,29.62,9.57,2.03,3,0
82,21.37,17.65,8.24,3.48,1,0
115,37.84,16.18,9.05,3.11,1,0
95,31.18,23.91,4.73,2.21,1,0
131,20.79,10.1,6.66,3.7,3,1
130,26.21,9.37,10.23,2.48,2,0
86,25.19,24.23,7.49,1.67,2,0
58,35.72,21.16,7.14,3.89,4,0
98,30.58,16.08,7.39,3.46,3,0
51,38.62,16.52,10.95,4.02,0,0
105,35.89,15.02,9.97,3.97,4,0
62,30.99,27.9,11.03,3.02,2,0
30,24.65,20.46,8.87,1.92,3,0
36,47.84,17.19,8.42,2.43,2,0
101,24.5,14.25,10.8,3.92,1,0
74,39.25,18.96,7.1,2.62,3,0
103,23.6,12.07,8.27,3.19,1,0
47,19.07,13.16,7.5,2.86,0,0
88,37.32,18.88,8.47,4.35,1,0
136,30.5,15.39,14.43,2.57,2,0
139,23.51,6.85,7.37,2.24,0,0
148,14.67,20.96,11.32,3.05,1,0
72,30.58,12.73,7.57,2.65,2,0
126,10.01,25.97,7.15,3.27,0,0
155,28.12,15.61,3.61,2.4,3,0
95,23.99,17.97,4.67,1.59,3,0
92,25.84,23.37,7.31,2.7,2,0
54,35.79,17.38,5.75,2.3,1,0
77,23.1,20.78,9.34,3.11,4,1
132,19.24,22.94,10.31,1.92,2,0
98,48.98,11.72,9.29,0.0,0,0
79,22.13,24.73,8.77,3.78,3,0
102,41.17,19.82,8.48,1.67,3,0
182,17.83,16.87,11.62,2.16,2,0
27,30.19,25.23,8.68,2.05,3,0
99,27.15,13.21,11.51,2.27,1,0
113,26.35,28.1,8.52,3.65,1,0
78,37.4,15.29,8.47,3.11,0,0
112,28.22,6.34,11.16,1.7,0,0
78,26.35,14.9,7.0,3.19,2,0
90,34.58,19.27,6.86,1.97,1,0
243,16.24,13.91,11.89,1.78,2,0
38,22.3,13.85,7.15,2.21,2,0
137,32.23,15.22,8.08,3.08,2,0
60,32.96,7.23,9.45,3.56,3,0
149,35.24,16.86,5.13,2.32,1,0
62,29.31,19.59,10.27,2.97,0,0
87,34.88,8.46,8.53,3.62,1,0
28,28.59,13.74,8.66,2.73,3,0
181,17.88,29.01,7.46,1.7,2,0
132,19.99,18.19,10.78,2.38,1,0
88,30.87,18.12,9.35,3.08,1,0
103,12.05,11.43,7.6,3.24,2,0
79,44.93,17.24,7.8,1.7,4,0
126,27.44,18.75,11.21,1.38,0,0
109,29.02,20.42,5.36,3.08,2,0
72,15.78,23.05,7.52,1.57,1,0
87,21.13,14.74,11.53,2.03,3,0
57,36.21,16.24,8.22,2.57,0,0
111,50.1,25.04,11.7,2.92,1,1
65,47.24,13.24,11.56,2.48,0,1
169,9.71,16.97,12.36,1.76,3,0
85,28.12,16.66,15.71,2.59,2,0
96,18.12,24.21,8.05,4.02,1,0
117,30.86,17.43,9.18,3.97,2,0
117,33.68,15.05,8.12,1.84,1,0
147,42.26,12.66,7.76,2.16,3,0
115,42.72,21.46,5.32,2.67,3,1
86,28.49,9.61,11.11,3.29,1,0
168,29.9,17.99,7.85,1.97,2,0
48,33.66,23.26,9.81,2.05,1,0
130,20.49,16.12,12.15,3.86,1,0
157,39.07,12.57,10.86,2.59,3,0
108,36.7,17.05,8.79,4.19,0,0
39,26.2,17.36,8.83,2.65,2,0
115,16.95,12.33,6.72,3.81,2,0
84,28.82,13.4,4.42,2.86,0,0
111,24.19,10.44,10.33,3.46,2,0
127,30.94,18.37,7.06,2.65,1,0
66,24.09,22.81,10.86,2.3,0,0
127,40.77,10.96,11.25,3.05,1,0
196,39.78,21.21,7.79,2.46,2,0
76,46.36,20.09,10.6,2.08,0,1
166,23.14,15.42,5.91,3.05,0,0
64,29.67,15.32,8.06,2.89,2,0
54,15.69,16.41,4.47,3.13,2,0
118,23.14,17.36,10.27,3.05,1,0
107,34.77,13.8,6.98,3.62,3,0
63,10.69,17.25,11.66,2.4,1,0
112,29.63,11.92,9.69,2.43,4,1
68,33.24,14.59,9.18,3.65,1,1
141,36.65,17.05,6.92,3.35,1,0
63,25.87,19.3,8.81,3.32,1,0
111,20.93,18.18,8.32,3.24,5,1
107,34.71,17.5,12.89,2.24,0,0
132,40.82,15.33,6.0,2.16,3,0
63,44.51,20.83,9.09,3.97,0,1
53,20.35,16.12,11.53,3.48,2,0
146,34.43,20.52,7.63,2.11,1,0
67,16.15,24.75,7.18,2.7,2,0
71,31.14,17.8,7.76,3.21,1,0
45,23.09,18.91,10.6,2.13,2,0
155,27.73,24.79,4.34,3.02,0,0
78,27.3,18.96,5.58,2.57,2,0
71,17.56,11.77,7.42,2.43,2,0
80,8.76,13.94,7.62,2.57,3,0
161,17.92,18.26,10.06,2.11,0,0
106,32.54,17.06,10.35,2.21,1,0
13,51.54,14.49,10.24,3.11,0,1
76,38.15,12.57,8.27,1.81,2,0
58,41.33,19.67,8.14,2.11,2,0
117,20.23,15.94,8.52,3.11,1,0
39,50.22,19.73,9.2,3.11,1,1
98,10.98,14.97,11.02,0.0,2,0
11,32.4,18.71,8.11,1.62,3,0
49,40.22,18.78,6.61,2.4,1,0
117,34.97,11.57,7.17,2.35,2,0
117,17.39,11.49,8.99,4.24,3,0
147,33.54,11.99,9.54,2.73,2,1
136,33.93,17.97,3.26,2.97,3,1
130,41.23,8.74,6.41,2.51,2,0
91,22.9,25.1,8.8,1.78,2,0
68,25.25,18.65,8.93,3.92,1,1
89,51.66,22.18,14.04,1.43,1,1
141,43.96,18.87,14.69,3.02,0,0
111,42.47,20.6,10.43,3.13,0,1
135,46.48,13.09,11.06,3.32,1,0
68,27.2,15.68,9.37,1.65,1,0
